,Author,ID
0,Colleen Hoover,1
1,Yuval Noah Harari,2
2,Scott Pape,3
3,Rupi Kaur,4
4,Delia Owens,5
5,Eckhart Tolle,6
6,Matt Haig,7
7,Adam Kay,8
8,Daniel Kahneman,9
9,F. Scott Fitzgerald,10
10,Dale Carnegie,11
11,George Orwell,12
12,Sally Rooney,13
13,Antoine de Saint-Exupery,14
14,Bessel Van Der Kolk,15
15,Mark Manson,16
16,James Clear,17
17,J. K. Rowling,18
18,Elena Favilli,19
19,Viktor E Frankl,20
20,R. J. Palacio,21
21,Charlie Mackesy,22
22,Simon Sinek,23
23,Madeline Miller,24
24,Gail Honeyman,25
25,Mo Xiang Tong Xiu,26
26,Margaret Atwood,27
27,Alex Michaelides,28
28,Toshikazu Kawaguchi,29
29,Tara Westover,30
30,Amor Towles,31
31,Paul Kalanithi,32
32,Russ Harris,33
33,Anthony Doerr,34
34,Benjamin Graham,35
35,Don Miguel Ruiz,36
36,Roald Dahl,37
37,Gareth Moore,38
38,Andre Aciman,39
39,Frank Herbert,40
40,Maya Angelou,41
41,Celeste Ng,42
42,Adam Silvera,43
43,Jamie Oliver,44
44,Robert T. Kiyosaki,45
45,Hanya Yanagihara,46
46,Brene Brown,47
47,Daniel J. Siegel,48
48,Stephen Chbosky,49
49,Michelle Obama,50
50,Marie Kondo,51
51,Bernardine Evaristo,52
52,Harper Lee,53
53,Jojo Moyes,54
54,Dr Carol Dweck,55
55,Leigh Bardugo,56
56,David Walliams,57
57,E. L. James,58
58,E. Lockhart,59
59,Michael A. Singer,60
60,Matthew Walker,61
61,Jordan B. Peterson,62
62,Andy Griffiths,63
63,Muriel Barbery,64
64,Liane Moriarty,65
65,Casey McQuiston,66
66,Rhonda Byrne,67
67,Susan Cain,68
68,Richard Osman,69
69,Gary Chapman,70
70,Chris Voss,71
71,Christy Lefteri,72
72,Gege Akutami,73
73,Timothy Ferriss,74
74,Osamu Dazai,75
75,Sun Tzu,76
76,Fredrik Backman,77
77,Ernest Cline,78
78,Ryan Holiday,79
79,Sally Thorne,80
80,Kathryn Stockett,81
81,Stephen Hawking,82
82,SUZANNE COLLINS,83
83,Meik Wiking,84
84,J. D. Salinger,85
85,Ray Bradbury,86
86,J.K. Rowling,87
87,Clarissa Pinkola Estes,88
88,Oliver Sacks,89
89,Aldous Huxley,90
90,Karen M. McManus,91
91,Benjamin Alire Saenz,92
92,Hiro Arikawa,93
93,Taylor Jenkins Reid,94
94,Heather Morris,95
95,George R. R. Martin,96
96,Johann Hari,97
97,Donna Tartt,98
98,Dr Michael Mosley,99
99,Edith Eger,100
100,Vex King,101
101,Holly Black,102
102,Ransom Riggs,103
103,Rosamund Lupton,104
104,Kazuo Ishiguro,105
105,Paulo Coelho,106
106,Elena Armas,107
107,Thich Nhat Hanh,108
108,Emma Donoghue,109
109,Mihaly Csikszentmihalyi,110
110,Julia Donaldson,111
111,David Goggins,112
112,John Green,113
113,Tizzie Hall,114
114,Stieg Larsson,115
115,Brené Brown,116
116,Ray Dalio,117
117,Sarah J. Maas,118
118,Jane Harper,119
119,Annabel Karmel,120
120,Stephen King,121
121,Morgan Housel,122
122,Ashlee Vance,123
123,Emma Farrarons,124
124,Fyodor Dostoevsky,125
125,Cal Newport,126
126,Trevor Noah,127
127,Gregory David Roberts,128
128,Charles Duhigg,129
129,Stephen Fry,130
130,David Nicholls,131
131,Yung Pueblo,132
132,Victoria Aveyard,133
133,Michael Mosley,134
134,Glennon Doyle,135
135,Professor Mark Williams,136
136,Beth O'Leary,137
137,Oprah Winfrey,138
138,Atul Gawande,139
139,Stephen R. Covey,140
140,Astrid Lindgren,141
141,Art Spiegelman,142
142,Phil Knight,143
143,Angie Thomas,144
144,Dr Gabor Mate,145
145,Norman Doidge,146
146,Laura Markham,147
147,Tim Marshall,148
148,Eric Ries,149
149,Jeffrey E. Young,150
150,Graeme Simsion,151
151,Ali Hazelwood,152
152,Keri Smith,153
153,Adele Faber,154
154,Blake Masters,155
155,Kristin Hannah,156
156,Nicola Yoon,157
157,Thomas Erikson,158
158,Giulia Enders,159
159,Jen Sincero,160
160,Keda Cowling,161
161,Jeff Kinney,162
162,Steven Pressfield,163
163,Louise Hay,164
164,Randall Munroe,165
165,Maggie O'Farrell,166
166,Haruki Murakami,167
167,Patrick Rothfuss,168
168,Elizabeth Lim,169
169,Florence Given,170
170,Min Jin Lee,171
171,Douglas Adams,172
172,Robert Greene,173
173,Jennifer Niven,174
174,William Golding,175
175,Hans Rosling,176
176,Paula Hawkins,177
177,Rainbow Rowell,178
178,Albert Camus,179
179,Moleskine,180
180,Suzanne Collins,181
181,Malcolm Gladwell,182
182,James Kerr,183
183,Brit Bennett,184
184,Hector Garcia,185
185,Dolly Alderton,186
186,Austin Kleon,187
187,Anna Burns,188
188,"Dr. Natasha Campbell-McBride, M.D.",189
189,Joe Wicks,190
190,Elizabeth Gilbert,191
191,Sarah Knight,192
192,Sylvia Plath,193
193,Jared Diamond,194
194,Alice Oseman,195
195,Sharon Jones,196
196,Edgar Allan Poe,197
197,Steven D. Levitt,198
198,Neil deGrasse Tyson,199
199,Colson Whitehead,200
200,George S Clason,201
201,Christopher McDougall,202
202,Robert Galbraith,203
203,Peter Lynch,204
204,E L James,205
205,Anthony Burgess,206
206,Gillian Flynn,207
207,Malala Yousafzai,208
208,George R.R. Martin,209
209,Marcus Aurelius,210
210,Sam Baer,211
211,E B White,212
212,Amir Levine,213
213,Thug Kitchen,214
214,Napoleon Hill,215
215,Stephenie Meyer,216
216,Lois Lowry,217
217,Joan Didion,218
218,Valorie Schaefer,219
219,Simone Davies,220
220,Emily Henry,221
221,Jennifer Liberts,222
222,Enid Blyton,223
223,Caroline Taggart,224
224,Paula McLain,225
225,Neil Gaiman,226
226,Nicole Lepera,227
227,Caroline Criado Perez,228
228,Kohei Horikoshi,229
229,V.E. Schwab,230
230,William Strunk,231
231,Erin Morgenstern,232
232,Gallup,233
233,Dave Grohl,234
234,Catherine D. Hughes,235
235,M. L. Rio,236
236,Brandon Stanton,237
237,Angela Duckworth,238
238,Patti Smith,239
239,Sarah Winman,240
240,John Berger,241
241,President Barack Obama,242
242,Holly Jackson,243
243,David Mitchell,244
244,Elena Ferrante,245
245,Jane Austen,246
246,C. S. Lewis,247
247,Reni Eddo-Lodge,248
248,Leslie Kaminoff,249
249,Yeonmi Park,250
250,Philip K. Dick,251
251,Barney Stinson,252
252,Mr John Steinbeck,253
253,Rosalie Ham,254
254,Hilary Mantel,255
255,Robert Martin,256
256,"Daniel Kahneman (Princeton University, New Jersey)",257
257,B A Paris,258
258,Rick Riordan,259
259,Sir Richard Branson,260
260,Arthur Miller,261
261,Carol S. Dweck,262
262,Dr Richard Shepherd,263
263,Simon Hill,264
264,Italo Calvino,265
265,J. R. R. Tolkien,266
266,Oscar Wilde,267
267,Joseph Campbell,268
268,Maggie Stiefvater,269
269,Gary Keller,270
270,Mark Haddon,271
271,Tony Robbins,272
272,Jenny Han,273
273,Leo Tolstoy,274
274,Mitch Albom,275
275,Sheryl Sandberg,276
276,James Joyce,277
277,Diana Gabaldon,278
278,Kurt Vonnegut,279
279,Friedrich Nietzsche,280
280,Brian K Vaughan,281
281,Joanna Faber,282
282,Niki Segnit,283
283,Diana Wynne Jones,284
284,Contented Little Baby Gina Ford,285
285,Lang Leav,286
286,John Williams,287
287,The Dalai Lama,288
288,Peter Wohlleben,289
289,Sarah Wilson,290
290,Michael Morpurgo,291
291,Arin Murphy-Hiscock,292
292,Jon Krakauer,293
293,Philippa Perry,294
294,Inna Segal,295
295,Morris Gleitzman,296
296,James Bowen,297
297,Eleanor Catton,298
298,Raynor Winn,299
299,Susan Jeffers,300
300,M. A. S. Abdel Haleem,301
301,Hunter S. Thompson,302
302,Douglas Stuart,303
303,Anonymous,304
304,Vladimir Nabokov,305
305,Becky Chambers,306
306,Hajime Isayama,307
307,Rosenberg M,308
308,Penelope Douglas,309
309,Milan Kundera,310
310,Julia Quinn,311
311,John Carreyrou,312
312,Hugh Jassburn,313
313,Séneca,314
314,Ram Dass,315
315,Ursula Le Guin,316
316,Chimamanda Ngozi Adichie,317
317,Bill Bryson,318
318,V. E. Schwab,319
319,Steve Biddulph,320
320,Agatha Christie,321
321,Hannah Kent,322
322,Dinah Bucholz,323
323,Takashi Hiraide,324
324,Cixin Liu,325
325,Mimi Spencer,326
326,Eline Snel,327
327,Louis Sachar,328
328,Brandon Sanderson,329
329,Dr. Joe Dispenza,330
330,Saroo Brierley,331
331,Emily St. John Mandel,332
332,MIND,333
333,Ernest Hemingway,334
334,Ben Brooks,335
335,Ben Aaronovitch,336
336,Isaac Asimov,337
337,Kerry Patterson,338
338,Marjane Satrapi,339
339,Andrzej Sapkowski,340
340,Alex Hirsch,341
341,Esther Hicks,342
342,Roger Fisher,343
343,Tim S. Grover,344
344,Alexandra Christo,345
345,Amy Shields,346
346,Dr Sue Johnson,347
347,Naomi Alderman,348
348,Louisa May Alcott,349
349,Christina Lauren,350
350,Ina May Gaskin,351
351,John Hattie,352
352,Juju Sundin,353
353,Andrew Sean Greer,354
354,Adam Grant,355
355,Jay Asher,356
356,Karen Joy Fowler,357
357,Joe Navarro,358
358,James Nestor,359
359,Alexander Osterwalder,360
360,C. G. Jung,361
361,Dr. Eben Alexander,362
362,Seneca,363
363,John C. Bogle,364
364,Michael E. Gerber,365
365,Yasmin Boland,366
366,Greg McKeown,367
367,Chris Colfer,368
368,M L Stedman,369
369,Marlon James,370
370,Moriah Elizaberh,371
371,Jocko Willink,372
372,Lindsay C Gibson,373
373,Ottessa Moshfegh,374
374,Bret Easton Ellis,375
375,Sherry Argov,376
376,Robin Hobb,377
377,Courtney Peppernell,378
378,Ruth Bader Ginsburg,379
379,Cassandra Clare,380
380,Clare Mackintosh,381
381,Tahereh Mafi,382
382,Madeleine L'Engle,383
383,Paul Arden,384
384,Henry David Thoreau,385
385,James S. A. Corey,386
386,Anthony Kiedis,387
387,Wm Paul Young,388
388,Emily Bronte,389
389,Terry Pratchett,390
390,Robin Wall Kimmerer,391
391,Daphne du Maurier,392
392,Dr Dan Ariely,393
393,Patrick Ness,394
394,Graeme Macrae Burnet,395
395,John Gottman,396
396,Michael Newton,397
397,Lucinda Riley,398
398,Gabrielle Bernstein,399
399,Dr. Tina Payne Bryson,400
400,Audrey Niffenegger,401
401,Laura Marshall,402
402,Casey Mcquiston,403
403,John Boyne,404
404,Stephanie Perkins,405
405,Lee Child,406
406,Elizabeth Strout,407
407,Todd Burpo,408
408,Walter Isaacson,409
409,Kate Quinn,410
410,Marissa Meyer,411
411,David Foster Wallace,412
412,Alain de Botton,413
413,TJ Klune,414
414,Nir Eyal,415
415,Andy Weir,416
416,Jim Collins,417
417,Stanley Tucci,418
418,Bethan Roberts,419
419,John Marsden,420
420,Aleksandr Solzhenitsyn,421
421,Markus Zusak,422
422,Mark Wolynn,423
423,Ben Goldacre,424
424,Sue Monk Kidd,425
425,Katherine Applegate,426
426,Susanna Clarke,427
427,Mark Linley,428
428,Judy Hall,429
429,Bruce Springsteen,430
430,Patrick Süskind,431
431,Eva Mozes Kor,432
432,Ray Long,433
433,Donald A. Norman,434
434,Haemin Sunim,435
435,Gill Rapley,436
436,Truman Capote,437
437,Ned Vizzini,438
438,Jostein Gaarder,439
439,Sayaka Murata,440
440,Henry Marsh,441
441,Edward W. Said,442
442,Cressida Cowell,443
443,Patrick M. Lencioni,444
444,Patricia Highsmith,445
445,Neale Donald Walsch,446
446,L. M. Montgomery,447
447,Bobby Fischer,448
448,Nassim Nicholas Taleb,449
449,Peter A. Levine,450
450,Dr Joe Dispenza,451
451,Dmitry Glukhovsky,452
452,Han Kang,453
453,David R. Hawkins,454
454,Sharon M. Draper,455
455,Peter Frankopan,456
456,Professor Shoshana Zuboff,457
457,Hal Elrod,458
458,Chris Alexander,459
459,Bessel van der Kolk,460
460,Virginia Woolf,461
461,Tessa Bailey,462
462,Jim Kwik,463
463,Ella Mills (Woodward),464
464,Bruce D. Perry,465
465,B.K.S. Iyengar,466
466,Chuck Palahniuk,467
467,Walter Tevis,468
468,Professor Mary Beard,469
469,Ayn Rand,470
470,Ichiro Kishimi,471
471,Pierce Brown,472
472,Raymond Carver,473
473,Elton John,474
474,Pema Choedroen,475
475,Sarah Andersen,476
476,Richard Powers,477
477,Allan Pease,478
478,Anthony Bourdain,479
479,Steve Peters,480
480,Timothy Keller,481
481,Kim Krans,482
482,Arundhati Roy,483
483,Stuart Turton,484
484,William Zinsser,485
485,Tennessee Williams,486
486,Tatiana De Rosnay,487
487,Naomi Novik,488
488,Steve Cavanagh,489
489,Michael Watkins,490
490,Allen Carr,491
491,Eknath Easwaran,492
492,Samantha Shannon,493
493,Mark Forsyth,494
494,Koyoharu Gotouge,495
495,Haruichi Furudate,496
496,Paramahansa Yogananda,497
497,James Rebanks,498
498,Wynn Kapit,499
499,Dan Brown,500
500,Esther Perel,501
501,Lucy Foley,502
502,William Gibson,503
503,Jack Kerouac,504
504,Dr Anthony Attwood,505
505,Sophia Amoruso,506
506,Michael Bond,507
507,Michael Pollan,508
508,Elaine N. Aron,509
509,Katherine Arden,510
510,Yotam Ottolenghi,511
511,Jessie Burton,512
512,Tricia Levenseller,513
513,Erin Meyer,514
514,Kentaro Miura,515
515,Jon Ronson,516
516,Coleman Barks,517
517,Chika Miyata,518
518,Talia Hibbert,519
519,Joseph Heller,520
520,James Gurney,521
521,Boris Strugatsky,522
522,John Douglas,523
523,Bill Browder,524
524,Bruce Pascoe,525
525,David Epstein,526
526,Yukio Mishima,527
527,Tatsuki Fujimoto,528
528,Richard Dawkins,529
529,Stephanie Garber,530
530,Emily Nagoski,531
531,Plato,532
532,Steve Krug,533
533,Daniel Goleman,534
534,James Dashner,535
535,Mary Shelley,536
536,Terry Hayes,537
537,Behrouz Boochani,538
538,Elif Shafak,539
539,Alice Walker,540
540,Anton La Vey,541
541,T. K. V. Desikachar,542
542,Neal Stephenson,543
543,Oliver Jeffers,544
544,R.F. Kuang,545
545,Dav Pilkey,546
546,Aidalro,547
547,Ben Macintyre,548
548,Shirley Jackson,549
549,Jill Murphy,550
550,Herman Melville,551
551,Julian Barnes,552
552,Jennifer Worth,553
553,Charlotte Bronte,554
554,Jeanine Cummins,555
555,Andre Agassi,556
556,Kate Harrison,557
557,Frank Miller,558
558,Anne Frank,559
559,Russell Brand,560
560,Cormac McCarthy,561
561,Jandy Nelson,562
562,George Saunders,563
563,M. Scott Peck,564
564,Wizards RPG Team,565
565,Robin Sharma,566
566,Anne Lamott,567
567,Matthew Inman,568
568,Thanhha Lai,569
569,Morrissey,570
570,Phyllis Haddox,571
571,Kaiu Shirai,572
572,S E Hinton,573
573,Sylvia Day,574
574,Mortimer J. Adler,575
575,Jan Eaton,576
576,MALCOLM X,577
577,Rachel Joyce,578
578,Damon Galgut,579
579,Chugong,580
580,Ocean Vuong,581
581,Tsugumi Ohba,582
582,Swami Satchidananda,583
583,Mindy Kaling,584
584,Sigmund Freud,585
585,Josef Albers,586
586,Mark Williams,587
587,Gay Hendricks,588
588,Amal El-Mohtar,589
589,"Ross W Greene, PhD",590
590,Maureen Gaffney,591
591,Tara Brach,592
592,Dr. Brian Weiss,593
593,Alan Moore,594
594,Quentin Tarantino,595
595,SparkNotes,596
596,Dan Simmons,597
597,Kelly Barnhill,598
598,Mary Pearson,599
599,Melody Beattie,600
600,Bungay Michael Stainer,601
601,John Fowles,602
602,Lisa Wingate,603
603,One,604
604,Tracy Hogg,605
605,Irvine Welsh,606
606,Alice Miller,607
607,Beau Miles,608
608,Naoki Higashida,609
609,Jamie Mcguire,610
610,Blake Snyder,611
611,Charles Dickens,612
612,Junji Ito,613
613,Karyl McBride,614
614,Kent Haruf,615
615,Anodea Judith,616
616,Jonathan Haidt,617
617,Scott Lynch,618
618,Frederic Delavier,619
619,Carol Kranowitz,620
620,Ernest Powys Mathers,621
621,Durant,622
622,Stinson,623
623,Timothy Snyder,624
624,Philip A. Fisher,625
625,Nick Bostrom,626
626,Carl Sagan,627
627,Ursula K. Le Guin,628
628,N. K. Jemisin,629
629,Viet Thanh Nguyen,630
630,Gabriel Garcia Marquez,631
631,Toni Morrison,632
632,Amanda Lovelace,633
633,Laura Hillenbrand,634
634,Elie Wiesel,635
635,Philip Pullman,636
636,Michael Wolff,637
637,Dr. Henry Cloud,638
638,Dr Shefali Tsabary,639
639,Edward S Herman,640
640,Oxford Dictionaries,641
641,Matthew Syed,642
642,Jonathan Safran Foer,643
643,Keith Richards,644
644,Naomi Klein,645
645,Susanna Kaysen,646
646,Shari Lapena,647
647,Christopher Ryan,648
648,Barbara Oakley,649
649,John Gray,650
650,RH Disney,651
651,Rene Goscinny,652
652,Helen Macdonald,653
653,Ta-Nehisi Coates,654
654,Robin DiAngelo,655
655,Heidi Murkoff,656
656,Jennifer Saint,657
657,Eric Jorgenson,658
658,Lana Del Rey,659
659,Kent Hoffman,660
660,Lionel Shriver,661
661,Julia Cameron,662
662,Lorraine Massey,663
663,Lori Gottlieb,664
664,Kate Raworth,665
665,Lynda Mullaly Hunt,666
666,Hirohiko Araki,667
667,Lynne Truss,668
668,Bruno Vincent,669
669,"Pilkey, Dav",670
670,Daniel Keyes,671
671,Alexander McCall Smith,672
672,PATRICK ROTHFUSS,673
673,Geraldine Brooks,674
674,Lee Strobel,675
675,Daniel James Brown,676
676,Rachel Ignotofsky,677
677,Leil Lowndes,678
678,Gerald Durrell,679
679,Umberto Eco,680
680,Stephen R Covey,681
681,Rick Hanson,682
682,Becky Albertalli,683
683,Eric Berne,684
684,"Shakespeare, William",685
685,Charles Bukowski,686
686,Michael Lewis,687
687,V E Schwab,688
688,Admiral William H. McRaven,689
689,Vishen Lakhiani,690
690,Irvin Yalom,691
691,Jay Kristoff,692
692,Chris Hadfield,693
693,Hannah Arendt,694
694,Christobel Kent,695
695,Susan Sontag,696
696,George Trombley,697
697,Chinua Achebe,698
698,Merlin Sheldrake,699
699,David Deida,700
700,Kristin Neff,701
701,Alexandre Dumas,702
702,Christopher Hitchens,703
703,Judith C. Hochman,704
704,James Baldwin,705
705,Wim Hof,706
706,M. R. Carey,707
707,Veronica Roth,708
708,Byron Katie,709
709,Alfie Kohn,710
710,Robert M Sapolsky,711
711,Alice Sebold,712
712,Abraham Verghese,713
713,Emily Oster,714
714,Tomi Adeyemi,715
715,Richard Rohr,716
716,Thomas J. Stanley,717
717,Beth Kempton,718
718,T Harv Eker,719
719,Seth Godin,720
720,Rohinton Mistry,721
721,John Brooks,722
722,Paullina Simons,723
723,Pat Barker,724
724,Ian B. Wilkinson,725
725,Kiera Cass,726
726,Renée Ahdieh,727
727,Scholastic,728
728,Bram Stoker,729
729,William Faulkner,730
730,Erich Maria Remarque,731
731,Miranda Hart,732
732,Octavia E. Butler,733
733,Jacqueline Wilson,734
734,Jeannette Walls,735
735,Miyamoto Musashi,736
736,M. Sapolsky,737
737,Richard Bach,738
738,Jean-Martin Fortier,739
739,Eiichiro Oda,740
740,Alain De Botton,741
741,W Timothy Gallwey,742
742,Joel Greenblatt,743
743,Shawn Achor,744
744,Saifedean Ammous,745
745,Will Smith,746
746,Alan Watts,747
747,John Kennedy Toole,748
748,Rutger Bregman,749
749,Bill Gates,750
750,Robin Barker,751
751,Yaa Gyasi,752
752,David J Schwartz,753
753,David Attenborough,754
754,Rachael Lippincott,755
755,"Dr. Steven R Gundry, MD",756
756,Anita Moorjani,757
757,Kim Mohan,758
758,Linda Sue Park,759
759,Joseph Conrad,760
760,Caroline Kepnes,761
761,Franz Kafka,762
762,Josh Kaufman,763
763,LENA DUNHAM,764
764,Brian Tracy,765
765,Anne Berest,766
766,Sally Lloyd-Jones,767
767,Mohsin Hamid,768
768,Andrew S. Grove,769
769,Jeff  Kinney,770
770,Deepak Chopra,771
771,Dr Clare Bailey,772
772,Daron Acemoglu,773
773,Aiden Thomas,774
774,Jonas Jonasson,775
775,Patrick Radden Keefe,776
776,Jon Kabat-Zinn,777
777,Gordon Kerr,778
778,Chris Kyle,779
779,Max Brooks,780
780,from you to me,781
781,Kamila Shamsie,782
782,Dante Alighieri,783
783,Sui Ishida,784
784,Gail Boushey,785
785,Jennifer Lynn Barnes,786
786,Richard P Feynman,787
787,Elle Kennedy,788
788,Epictetus,789
789,Karl Pilkington,790
790,Dr. Laura Markham,791
791,Ron Ritchhart,792
792,Rukmini Iyer,793
793,Derek Landy,794
794,Tatsuya Endo,795
795,Allie Brosh,796
796,Campbell Walker,797
797,Donald Miller,798
798,Ronald M. Rapee,799
799,Marie Lu,800
800,Martin E. P. Seligman,801
801,Daphne Du Maurier,802
802,Katty Kay,803
803,John Truby,804
804,Douglas Murray,805
805,S. E. Hinton,806
806,Miguel De Cervantes,807
807,Neil Strauss,808
808,James L. Wilson,809
809,Nedra Glover Tawwab,810
810,Danny Casale,811
811,Tj Klune,812
812,Sarah Young,813
813,Sir Ken Robinson,814
814,William O'Neil,815
815,Robert A. Glover,816
816,Benjamin Alire Sáenz,817
817,Natalie Haynes,818
818,J. D. Vance,819
819,Maxwell Maltz,820
820,DONELLA MEADOWS,821
821,Jonathan Clements,822
822,Susan David,823
823,Natsuki Kizu,824
824,Marty Cagan,825
825,Robert Muchamore,826
826,Irvin D. Yalom,827
827,Mel Robbins,828
828,Chris Guillebeau,829
829,James Collins,830
830,DAVID GRAEBER,831
831,V. E Schwab,832
832,Gayle Forman,833
833,Pete Walker,834
834,Kris Dhillon,835
835,Jay Shetty,836
836,Jonathan Franzen,837
837,Caitlin Moran,838
838,Adrian Tchaikovsky,839
839,Travis Bradberry,840
840,Benjamin Labatut,841
841,Rebecca Serle,842
842,Gaston Bachelard,843
843,Caroline Myss,844
844,Makoto Yukimura,845
845,Ellen Lupton,846
846,Catherine M Pittman,847
847,Ali Smith,848
848,Ira Levin,849
849,Khaled Hosseini,850
850,W. Chan Kim,851
851,Doctor Joseph Mercola,852
852,William Sieghart,853
853,Nathaniel Branden,854
854,Kiley Reid,855
855,Frances Hodgson Burnett,856
856,Judith Herman,857
857,Simone de Beauvoir,858
858,Angela Carter,859
859,Kim John Payne,860
860,Viktor E. Frankl,861
861,Raina Telgemeier,862
862,Jimmy Moore,863
863,Peter Ellis,864
864,Neal Shusterman,865
865,Greg Mortenson,866
866,Ann Reardon,867
867,Robin Stevens,868
868,Graham Greene,869
869,Cheryl Strayed,870
870,David Allen,871
871,Jeremy Clarkson,872
872,Steven Bartlett,873
873,Gary Paulsen,874
874,Scott Cawthon,875
875,Kalynn Bayron,876
876,Ken Kesey,877
877,Cole Nussbaumer Knaflic,878
878,Og Mandino,879
879,AidaIro,880
880,Clare Chambers,881
881,Ian McEwan,882
882,Timothy Zahn,883
883,Won-Pyung Sohn,884
884,Andrea Wulf,885
885,"Telgemeier, Raina",886
886,Michael Ende,887
887,Leonard Cohen,888
888,Paulo Freire,889
889,RIGPA Fellowship,890
890,Julia Child,891
891,Stacy Sims,892
892,Richard Carlson,893
893,Samuel Shem,894
894,Lawrence A. Cunningham,895
895,Tomohito Oda,896
896,Siddhartha Mukherjee,897
897,Ayaan Hirsi Ali,898
898,A Helwa,899
899,Onjali Q. Rauf,900
900,Tayari Jones,901
901,Katherine May,902
902,LOUIS SACHAR,903
903,Noelle Stevenson,904
904,Rebecca Stead,905
905,Brianna Wiest,906
906,Kate Grenville,907
907,Marilynne Robinson,908
908,Stanley Rosenbery,909
909,Alison Bechdel,910
910,David Thorne,911
911,Mrs Hinch,912
912,Jelaludin Rumi,913
913,Nelson Mandela,914
914,David Lagercrantz,915
915,Derren Brown,916
916,Jamie Glowacki,917
917,David Flynn,918
918,William B Irvine,919
919,Gary D. Chapman,920
920,Graham Norton,921
921,David Thomas,922
922,Joyce Meyer,923
923,Lars Mytting,924
924,Kerry Lord,925
925,Adam Smith,926
926,Emma Healey,927
927,Primo Levi,928
928,Grant Cardone,929
929,Matthew Frederick,930
930,A. A. Milne,931
931,Sara Gruen,932
932,Scott McCloud,933
933,Rachel Cusk,934
934,J. M. Barrie,935
935,Martin E.P. Seligman,936
936,Carl Jung,937
937,Anthony Horowitz,938
938,Sadhguru,939
939,Heng Ou,940
940,Michael Connelly,941
941,Betty Edwards,942
942,Inio Asano,943
943,Nicholas D. Kristof,944
944,Tom Bingham,945
945,Hafsah Faizal,946
946,Peter S. Beagle,947
947,Cathy O'Neil,948
948,Julia Baird,949
949,DanTDM,950
950,Anne Glenconner,951
951,Kahlil Gibran,952
952,Dan Heath,953
953,Josie Silver,954
954,Roxane Gay,955
955,Claire North,956
956,Rolf Potts,957
957,Henrik Ibsen,958
958,Dr Joshua Wolrich,959
959,Anthony William,960
960,Michael J. Sandel,961
961,Cesar Millan,962
962,Daniel Chidiac,963
963,Daniel Quinn,964
964,Morgan Matson,965
965,Jodi Picoult,966
966,Robert Sheehan,967
967,Prof A.C. Grayling,968
968,Margot Lee Shetterly,969
969,Kevin Kwan,970
970,Joshua Foer,971
971,Shaun Tan,972
972,Kathleen Glasgow,973
973,Jessica Joelle Alexander,974
974,Martin Kleppmann,975
975,Philip K Dick,976
976,Jessica Townsend,977
977,David Graeber,978
978,Judy Blume,979
979,Maria Angels Anglada,980
980,Bernard Cornwell,981
981,Jan Spiller,982
982,Angela Nguyen,983
983,Louise Tucker,984
984,David Perlmutter,985
985,Olly Richards,986
986,Jake Knapp,987
987,E. H. Gombrich,988
988,Masanobu Fukuoka,989
989,N.H. Kleinbaum,990
990,Homer,991
991,John Doerr,992
992,Karen Pryor,993
993,Shelley Parker-Chan,994
994,Jean-Paul Sartre,995
995,Bruno Munari,996
996,Carl Rogers,997
997,Claire Douglas,998
998,A. J. Finn,999
999,Kenneth Blanchard,1000
1000,Barbara Ann Brennan,1001
1001,Zadie Smith,1002
1002,Fujita,1003
1003,F. A. Hayek,1004
1004,Angela Y. Davis,1005
1005,Jill Bolte Taylor,1006
1006,Blake Crouch,1007
1007,Josh Waitzkin,1008
1008,Slavomir Rawicz,1009
1009,Soren Kierkegaard,1010
1010,Hugh Howey,1011
1011,Garth Stein,1012
1012,Richard Merritt,1013
1013,Donal Skehan,1014
1014,L. David Marquet,1015
1015,Philippe Sands,1016
1016,Gerard Way,1017
1017,Isabella Tree,1018
1018,Melissa Ambrosini,1019
1019,Scott Cunningham,1020
1020,Harlan Coben,1021
1021,Gregory Maguire,1022
1022,Denis Avey,1023
1023,Yana Toboso,1024
1024,Jonice Webb,1025
1025,Megan Devine,1026
1026,Lisa Jewell,1027
1027,Jo Boaler,1028
1028,Annie Barrows,1029
1029,Wizards Rpg Team,1030
1030,Shelby Mahurin,1031
1031,Pamela Druckerman,1032
1032,Richard Siken,1033
1033,Dr James Doty,1034
1034,Midwife Cath,1035
1035,Hyeonseo Lee,1036
1036,Andy Mulligan,1037
1037,Rick Yancey,1038
1038,Joe Abercrombie,1039
1039,Brian Friel,1040
1040,Anita Diamant,1041
1041,Oxford Languages,1042
1042,Kim Scott,1043
1043,Sarah Buckley,1044
1044,John O'Donohue,1045
1045,Thomas W. Myers,1046
1046,Sarah Perry,1047
1047,Dr. Caroline Leaf,1048
1048,Deborah Rodriguez,1049
1049,Malinda Lo,1050
1050,Bob Burg,1051
1051,don Miguel Ruiz,1052
1052,ONE,1053
1053,David Michie,1054
1054,The Secret Barrister,1055
1055,Hermann Hesse,1056
1056,Toni Weschler,1057
1057,William Goldman,1058
1058,Bruce H. Lipton,1059
1059,Winston Graham,1060
1060,Coinneach MacLeod,1061
1061,The Australian Women's Weekly,1062
1062,E. B. White,1063
1063,Lewis Carroll,1064
1064,J.I. Packer,1065
1065,Nora Gedgaudas,1066
1066,Atticus Poetry,1067
1067,Gene Kim,1068
1068,Erich Gamma,1069
1069,Scott Snyder,1070
1070,Apollodorus,1071
1071,Nicholas Sparks,1072
1072,Aziz Ansari,1073
1073,Hillary Rodham Clinton,1074
1074,Xiran Jay Zhao,1075
1075,Anita Shreve,1076
1076,Tappei Nagatsuki,1077
1077,Lia Leendertz,1078
1078,Alfred Lansing,1079
1079,Maeve Binchy,1080
1080,Gabri Joy Kirkendall,1081
1081,Peter F Drucker,1082
1082,Susan Briscoe,1083
1083,T. Colin Campbell,1084
1084,Sosuke Natsukawa,1085
1085,Nathan W. Pyle,1086
1086,Marianne Williamson,1087
1087,Kerri Maniscalco,1088
1088,Ann Leckie,1089
1089,Robert Pirsig,1090
1090,Tina Fey,1091
1091,John Medina,1092
1092,Christopher Santoro,1093
1093,William Shakespeare,1094
1094,Max Tegmark,1095
1095,Ann Cleeves,1096
1096,Vicki Robin,1097
1097,Kafka Asagiri,1098
1098,Fyodor Dostoyevsky,1099
1099,John C. Maxwell,1100
1100,Daniel H. Pink,1101
1101,Kathryn Bonella,1102
1102,Ed Catmull,1103
1103,Dennis Greenberger,1104
1104,Jordan Belfort,1105
1105,Mary Berry,1106
1106,Tim Federle,1107
1107,Maisie Hill,1108
1108,Janet W. Hardy,1109
1109,Bear Grylls,1110
1110,Sam Harris,1111
1111,Peter May,1112
1112,Henry Carroll,1113
1113,Peg Dawson,1114
1114,Mary L. Trump,1115
1115,Oyinkan Braithwaite,1116
1116,Emma Baxter-Wright,1117
1117,Joel Fuhrman,1118
1118,Chris Grabenstein,1119
1119,James Norbury,1120
1120,John le Carre,1121
1121,Covey,1122
1122,SUSAN EE,1123
1123,Robert Iger,1124
1124,Jack Weatherford,1125
1125,Candice Carty-Williams,1126
1126,Nancy Birtwhistle,1127
1127,Hairy Bikers,1128
1128,Yoshihiro Togashi,1129
1129,Elizabeth Carney,1130
1130,Sophocles,1131
1131,Anthony De Mello,1132
1132,David Whyte,1133
1133,Max Porter,1134
1134,Dan Millman,1135
1135,Jess Brallier,1136
1136,Jo Nesbo,1137
1137,Hans Fallada,1138
1138,Nancy Springer,1139
1139,Yann Martel,1140
1140,Noam Chomsky,1141
1141,Barbara Demick,1142
1142,Richard H. Thaler,1143
1143,Naoise Dolan,1144
1144,Jennifer Serravallo,1145
1145,Tracy Chevalier,1146
1146,William Glasser,1147
1147,John Wyndham,1148
1148,E.B. Sledge,1149
1149,Rusty Young,1150
1150,Norman Vincent Peale,1151
1151,Christopher Isherwood,1152
1152,Brian Cox,1153
1153,Ian Doescher,1154
1154,Cho Nam-Joo,1155
1155,Dr Jason Fung,1156
1156,Sally Fallon Morell,1157
1157,Edie Eckman,1158
1158,Zak George,1159
1159,Rob D.,1160
1160,Jack D. Schwager,1161
1161,Steven Erikson,1162
1162,Clayton M. Christensen,1163
1163,Robert Bryndza,1164
1164,Lauren Oliver,1165
1165,Andrew Hodges,1166
1166,Salman Rushdie,1167
1167,John Mark Comer,1168
1168,Lisa Feldman Barrett,1169
1169,Robert Louis Stevenson,1170
1170,Talk To Me in Korean,1171
1171,Olivia Laing,1172
1172,Ann Patchett,1173
1173,Mikhail Bulgakov,1174
1174,Robert Mckee,1175
1175,British Library,1176
1176,Robin Davis,1177
1177,Giuseppe Tomasi Di Lampedusa,1178
1178,Frantz Fanon,1179
1179,Brigid Kemmerer,1180
1180,MJ DeMarco,1181
1181,Sabaa Tahir,1182
1182,Fintan O'Toole,1183
1183,Ralph Sawyer,1184
1184,Gary Zukav,1185
1185,Rachel Carson,1186
1186,Piper Kerman,1187
1187,Yvon Chouinard,1188
1188,Steven Pinker,1189
1189,Ben Hogan,1190
1190,Anais Nin,1191
1191,Silva,1192
1192,Ian Rankin,1193
1193,Jeffrey Eugenides,1194
1194,Dr Neil MacGregor,1195
1195,Deborah Harkness,1196
1196,Del Sroufe,1197
1197,Jhumpa Lahiri,1198
1198,Lara Briden Nd,1199
1199,"Dr Eben Alexander, III",1200
1200,Eddie Jaku,1201
1201,Reed Hastings,1202
1202,Robert Moore,1203
1203,Mary E. Pearson,1204
1204,Karl Marx,1205
1205,Prof Paul Gilbert,1206
1206,Erich Fromm,1207
1207,Nessa Carey,1208
1208,Fran Lebowitz,1209
1209,Laurie Halse Anderson,1210
1210,Dr. Steve Peters,1211
1211,Caroline Roberts,1212
1212,Tracy Deonn,1213
1213,Dave Eggers,1214
1214,Colour-Sergeant Kailash Limbu,1215
1215,Mary Oliver,1216
1216,Zlatan Ibrahimovic,1217
1217,Martin Parrott,1218
1218,Tim Harford,1219
1219,Jeanette Winterson,1220
1220,Richard Flanagan,1221
1221,Ted Chiang,1222
1222,Ken Follett,1223
1223,Erin Gruwell,1224
1224,Kassia St Clair,1225
1225,Marjorie Liu,1226
1226,Neil Postman,1227
1227,David Platt,1228
1228,Solomon Northup,1229
1229,Myrna Bell Rochester,1230
1230,Nan Shepherd,1231
1231,Nicholas Eames,1232
1232,R a Montgomery,1233
1233,Ruby Wax,1234
1234,Shusaku Endo,1235
1235,China Mieville,1236
1236,William Finnegan,1237
1237,Liz Climo,1238
1238,Laura Dodsworth,1239
1239,Mark Lawrence,1240
1240,Liz Pichon,1241
1241,Toby Hemenway,1242
1242,Marcel Proust,1243
1243,Sarah Waters,1244
1244,Deborah Feldman,1245
1245,Ronald D. Davis,1246
1246,Michael Brown,1247
1247,Amy Stewart,1248
1248,Robert Kirkman,1249
1249,David Pawson,1250
1250,Darin Olien,1251
1251,Jean Rhys,1252
1252,Tula Pink,1253
1253,Christos Tsiolkas,1254
1254,Paul Peacock,1255
1255,Brian L. Weiss,1256
1256,Vicki Wienand,1257
1257,Gabriel Wyner,1258
1258,Jeffrey Archer,1259
1259,Vasant Lad,1260
1260,Dietrich Bonhoeffer,1261
1261,Sir John Whitmore,1262
1262,Philippa Gregory,1263
1263,Hitomi Shida,1264
1264,Dr. Claire Weekes,1265
1265,James Luceno,1266
1266,Nagabe,1267
1267,Richelle Mead,1268
1268,Danielle Lori,1269
1269,Trenton Lee Stewart,1270
1270,Don Richard Riso,1271
1271,Sandra Cisneros,1272
1272,Bruce Chatwin,1273
1273,Tamsyn Muir,1274
1274,Wendy Cooling,1275
1275,Daniel Coyle,1276
1276,Barbara W. Tuchman,1277
1277,Rebecca Fett,1278
1278,James Redfield,1279
1279,Andrew Clements,1280
1280,Virginia M. Axline,1281
1281,Katsuhiro Otomo,1282
1282,Carlo Rovelli,1283
1283,Alan Gratz,1284
1284,Madeline Puckette,1285
1285,W.B. Yeats,1286
1286,Robert Macfarlane,1287
1287,Colm Toibin,1288
1288,Harvey Karp,1289
1289,Edith Hamilton,1290
1290,Abhijit V. Banerjee,1291
1291,Stephen J. Dubner,1292
1292,Deb Dana,1293
1293,Lawrence M. Krauss,1294
1294,Peter Brown,1295
1295,Lawrence J. Cohen,1296
1296,Laini Taylor,1297
1297,Rick Warren,1298
1298,Bruce D Perry,1299
1299,Ruta Sepetys,1300
1300,Rich Roll,1301
1301,Henri Charriere,1302
1302,Lauren Child,1303
1303,Christopher Franceschelli,1304
1304,HOOVER,1305
1305,Richard Morgan,1306
1306,Kugane Maruyama,1307
1307,M.D.  Rick Strassman,1308
1308,Megan Hess,1309
1309,Eoin Colfer,1310
1310,Joanna Martine Woolfolk,1311
1311,Geoffrey A Moore,1312
1312,David Kelley,1313
1313,Terry Wahls,1314
1314,Mary Sheedy Kurcinka,1315
1315,Judith Butler,1316
1316,Brian K. Vaughan,1317
1317,Henepola Gunaratana,1318
1318,Steven C. Hayes,1319
1319,C. S. Pacat,1320
1320,Caldwell B. Esselstyn,1321
1321,Nina Varela,1322
1322,Richard Atwater,1323
1323,Carlos Ruiz Zafón,1324
1324,Cathy Malchiodi,1325
1325,Dave Ramsey,1326
1326,Peter C. Brown,1327
1327,Lin-Manuel Miranda,1328
1328,Tom Wright,1329
1329,Carlos Ruiz Zafon,1330
1330,Rory Freedman,1331
1331,Michelle Magorian,1332
1332,Jessica Urlichs,1333
1333,Daniel Silva,1334
1334,Peter Scazzero,1335
1335,Voltaire,1336
1336,Alexis Hall,1337
1337,Katee Robert,1338
1338,Walter Murch,1339
1339,Ichigo Takano,1340
1340,Norman Ohler,1341
1341,Andrea Pirlo,1342
1342,F. C. Yee,1343
1343,Michael Greger,1344
1344,Dodie Smith,1345
1345,Carlos Fuentes,1346
1346,William Green,1347
1347,Boris Johnson,1348
1348,Jamie Ford,1349
1349,S. A. Chakraborty,1350
1350,Abi Dare,1351
1351,Francesco Marciuliano,1352
1352,Karen Armstrong,1353
1353,Lisa Lam,1354
1354,Gary Vaynerchuk,1355
1355,Scott O'Dell,1356
1356,Matt Parker,1357
1357,Genki Kawamura,1358
1358,Christopher Clark,1359
1359,Chronicle Books,1360
1360,Wendy Holden,1361
1361,Byron Sharp,1362
1362,Johanna Spyri,1363
1363,Julian Gough,1364
1364,Marcus Rashford,1365
1365,Nathan Filer,1366
1366,Sue Townsend,1367
1367,Sue Shepherd,1368
1368,Potter Craft,1369
1369,George Eliot,1370
1370,John Bradshaw,1371
1371,David Hunt,1372
1372,Babette Rothschild,1373
1373,Alice Schroeder,1374
1374,Julia Lawless,1375
1375,Syd McGee,1376
1376,Reki Kawahara,1377
1377,Anna Todd,1378
1378,Justin Cronin,1379
1379,Julia Rothman,1380
1380,Michael Crichton,1381
1381,Jules Verne,1382
1382,Mark Minervini,1383
1383,Marcos Mateu-Mestre,1384
1384,Grace Lin,1385
1385,Mat Auryn,1386
1386,Antony Beevor,1387
1387,Syd Field,1388
1388,Richard Adams,1389
1389,Raymond Chandler,1390
1390,David Grossman,1391
1391,Barbara Bregstein,1392
1392,Friedrich Wilhelm Nietzsche,1393
1393,Jeff Sutherland,1394
1394,Bob Goff,1395
1395,Janice Hallett,1396
1396,Morgan Harper Nichols,1397
1397,Paula Polk Lillard,1398
1398,Philippa Pearce,1399
1399,Clive James,1400
1400,Rosie Danan,1401
1401,Sara Pennypacker,1402
1402,Krystal Sutherland,1403
1403,Charles Darwin,1404
1404,Katherine Paterson,1405
1405,Jane Gloriana Villanueva,1406
1406,Cupcake Jemma,1407
1407,Thomas Pynchon,1408
1408,Aidan Goggins,1409
1409,Walt Whitman,1410
1410,Matthew Sands,1411
1411,Paris Cutler,1412
1412,Sterling Archer,1413
1413,Tomoko Nakamichi,1414
1414,C.S. Pacat,1415
1415,American Psychological Association,1416
1416,Benjamin Zander,1417
1417,Sarah Ockwell-Smith,1418
1418,Lisa Lister,1419
1419,Thomas Piketty,1420
1420,Ian Mortimer,1421
1421,GCHQ,1422
1422,The Unmumsy Mum,1423
1423,Mark Stephens,1424
1424,Norton Juster,1425
1425,Randy Pausch,1426
1426,Nina George,1427
1427,Bertrand Russell,1428
1428,Jeff Brown,1429
1429,Thomas S. Kuhn,1430
1430,Helen Czerski,1431
1431,Louise O'Neill,1432
1432,Paul Jackson,1433
1433,Henry Hazlitt,1434
1434,INIO ASANO,1435
1435,Tony Buzan,1436
1436,Allie Esiri,1437
1437,Lauren Kate,1438
1438,Cicely Mary Barker,1439
1439,Stan Tatkin,1440
1440,Diane Chamberlain,1441
1441,Eh Gombrich,1442
1442,James Stewart,1443
1443,Gary Ezzo,1444
1444,Dr Kelly Brogan,1445
1445,Joseph Murphy,1446
1446,Michael Chabon,1447
1447,Vaclav Smil,1448
1448,Evie Wyld,1449
1449,Mackenzi Lee,1450
1450,Stephen Grosz,1451
1451,Brian Christian,1452
1452,Dan Howell,1453
1453,Tom Fletcher,1454
1454,Anne Rice,1455
1455,Nate Silver,1456
1456,Rudyard Kipling,1457
1457,Elizabeth Gaskell,1458
1458,Eleanor Winters,1459
1459,Dr Maya Angelou,1460
1460,Robert C. O'Brien,1461
1461,Emily Ratajkowski,1462
1462,Hannah Witton,1463
1463,The Awkward Yeti,1464
1464,Andy Puddicombe,1465
1465,x Asne Seierstad,1466
1466,Christopher Germer,1467
1467,Soledad Bravi,1468
1468,Simone Cave,1469
1469,Katie Kirby,1470
1470,Fashionary,1471
1471,Abdulrazak Gurnah,1472
1472,"Dr Lynda Madison, Ph.D.",1473
1473,Leonard Susskind,1474
1474,"Tui,T Sutherland",1475
1475,Craig Silvey,1476
1476,Carmine Gallo,1477
1477,Roland Barthes,1478
1478,Donna Eden,1479
1479,John 'Lofty' Wiseman,1480
1480,John P. Kotter,1481
1481,Bobbi Brown,1482
1482,Carson McCullers,1483
1483,Robert Cialdini,1484
1484,Gordon Neufeld,1485
1485,Mark Twain,1486
1486,Tove Jansson,1487
1487,Kate Elizabeth Russell,1488
1488,Graham Hancock,1489
1489,Luke Heaton,1490
1490,Danielle LaPorte,1491
1491,Piers Warren,1492
1492,Ruby Dhal,1493
1493,John Milton,1494
1494,Jeff Lindsay,1495
1495,Ron Chernow,1496
1496,Jennifer Cook,1497
1497,E L Konigsburg,1498
1498,Bryan Konietzko,1499
1499,Blandine Calais-Germain,1500
1500,Kate Morton,1501
1501,S J Watson,1502
1502,Joe Vitale,1503
1503,Mariana Enriquez,1504
1504,Susan Scott,1505
1505,Isaac Marion,1506
1506,Rosemary Gladstar,1507
1507,Victoria Hislop,1508
1508,Martin Fowler,1509
1509,Mary Buffett,1510
1510,Jeff VanderMeer,1511
1511,David Bayles,1512
1512,Tom Holland,1513
1513,Yevgeny Zamyatin,1514
1514,Mike Michalowicz,1515
1515,Shaun Bythell,1516
1516,Katherine Boo,1517
1517,Trent Dalton,1518
1518,Shel Silverstein,1519
1519,Alfie Deyes,1520
1520,Various,1521
1521,Richa Hingle,1522
1522,Thea Stilton,1523
1523,Peter Roger Breggin,1524
1524,Dolores Cannon,1525
1525,Elizabeth Acevedo,1526
1526,Susan Wise Bauer,1527
1527,Terence McKenna,1528
1528,Mario Puzo,1529
1529,Jacob Grimm,1530
1530,Hunter S Thompson,1531
1531,Hilary Boynton,1532
1532,Ian Kerner,1533
1533,Carmen Maria Machado,1534
1534,Betty Friedan,1535
1535,Hugh van Cuylenburg,1536
1536,Stacey Demarco,1537
1537,Jancis Robinson,1538
1538,Renee Ahdieh,1539
1539,Avni Doshi,1540
1540,William Kamkwamba,1541
1541,Zoe Sugg,1542
1542,Helen Hoang,1543
1543,Maureen Johnson,1544
1544,STEPHEN FRY,1545
1545,Kate Pickett,1546
1546,J.R. Ward,1547
1547,Deborah Adele,1548
1548,Betty Smith,1549
1549,Alexander Solzhenitsyn,1550
1550,Robert Kiyosaki,1551
1551,Saint Maria Faustina Kowalska,1552
1552,Phillip C McGraw,1553
1553,Brendon Burchard,1554
1554,Christine Watkins,1555
1555,Christopher Alexander,1556
1556,Gretchen Rubin,1557
1557,Sir Arthur C. Clarke,1558
1558,Zach Klein,1559
1559,Margaret Rogerson,1560
1560,Lisa Genova,1561
1561,Richard Yates,1562
1562,Sam Walton,1563
1563,Howard Marks,1564
1564,Dr Stephen P. Kershaw,1565
1565,Iain Reid,1566
1566,Chanel Miller,1567
1567,Jung Chang,1568
1568,Akala,1569
1569,J. M Barrie,1570
1570,J.R.R. Tolkien,1571
1571,Aravind Adiga,1572
1572,Drunvalo Melchizedek,1573
1573,Pope Francis,1574
1574,Arnold Schwarzenegger,1575
1575,Charles Petzold,1576
1576,Bob Woodward,1577
1577,John E. Sarno,1578
1578,Douglas Stone,1579
1579,L.J. Smith,1580
1580,Amie Kaufman,1581
1581,Blaine Harden,1582
1582,Tara Delaney,1583
1583,American Psychiatric Association,1584
1584,Olivia Fox Cabane,1585
1585,Dan Lok,1586
1586,Slash,1587
1587,Arsene Wenger,1588
1588,Dr. Bob Rotella,1589
1589,Tim O'Brien,1590
1590,Stella Gibbons,1591
1591,Claire Belton,1592
1592,Jen Williams,1593
1593,Oren Klaff,1594
1594,Twyla Tharp,1595
1595,Lauren Asher,1596
1596,Edward M. Hallowell,1597
1597,Judith Orloff,1598
1598,Dane C. Ortlund,1599
1599,Jennifer Ackerman,1600
1600,Vincent Van Gogh,1601
1601,Raymond E. Feist,1602
1602,William R. Miller,1603
1603,Dean Koontz,1604
1604,E.M. Forster,1605
1605,Laura de Barra,1606
1606,Andrea Levy,1607
1607,Laxmi Khurana,1608
1608,Snoop Dogg,1609
1609,Gabrielle-Suzanna Barbot de Villenueve,1610
1610,Jim Afremow,1611
1611,Michelle McNamara,1612
1612,Laurie Lee,1613
1613,Steven E. Koonin,1614
1614,Graham Robb,1615
1615,Mark Sullivan,1616
1616,Yoshiyuki Sadamoto,1617
1617,Ha-Joon Chang,1618
1618,Dr. Shefali Tsabary,1619
1619,Gerry Hussey,1620
1620,Durian Sukegawa,1621
1621,Philip Zimbardo,1622
1622,Halsey,1623
1623,James C. Collins,1624
1624,Eowyn Ivey,1625
1625,Marina Caldarone,1626
1626,Natasha Corrett,1627
1627,Dr. Emerson Eggerichs,1628
1628,Will Bulsiewicz,1629
1629,Kate Moss,1630
1630,Chloe Gong,1631
1631,Tyson Yunkaporta,1632
1632,Judith Kerr,1633
1633,Oliver Bowden,1634
1634,Jeff Olson,1635
1635,Darren Hardy,1636
1636,Dan Harris,1637
1637,Lisa Taddeo,1638
1638,Anthony DeMello,1639
1639,Kate Atkinson,1640
1640,Holly Ringland,1641
1641,Richard Louv,1642
1642,David Rock,1643
1643,Lauren Conrad,1644
1644,Leonard Mlodinow,1645
1645,Maria Semple,1646
1646,David Wallace-Wells,1647
1647,Paul Beatty,1648
1648,Julie Zhuo,1649
1649,NisiOisiN,1650
1650,Mary S. Lovell,1651
1651,Doireann Ni Ghriofa,1652
1652,Louis de Bernieres,1653
1653,Worry Lines,1654
1654,Banana Yoshimoto,1655
1655,David Abram,1656
1656,Mark Crilley,1657
1657,Lemony Snicket,1658
1658,Alexandra Bracken,1659
1659,Dr Rangan Chatterjee,1660
1660,Shashi Tharoor,1661
1661,Joe Haldeman,1662
1662,Gabriel Ba,1663
1663,Edwin Lefevre,1664
1664,Johannes Fiebig,1665
1665,Faridah Abike-Iyimide,1666
1666,Joshua Barkman,1667
1667,Jordan Ellenberg,1668
1668,Collette Wolff,1669
1669,Colum McCann,1670
1670,Gabor Mate,1671
1671,Amy Poehler,1672
1672,Fernando Pessoa,1673
1673,Wallace D. Wattles,1674
1674,Ai Yazawa,1675
1675,Richard Mabey,1676
1676,Karen Frazier,1677
1677,Xaviera Plooij,1678
1678,Kevyn Aucoin,1679
1679,Dr. Wayne W. Dyer,1680
1680,General Stanley McChrystal,1681
1681,Nisioisin,1682
1682,Arkady Strugatsky,1683
1683,J.M. Coetzee,1684
1684,Daniel Gilbert,1685
1685,Ruth Hogan,1686
1686,James Herriot,1687
1687,Dr Dale Bredesen,1688
1688,John Steinbeck,1689
1689,John McDougall,1690
1690,Kiran Millwood Hargrave,1691
1691,Lorin Roche,1692
1692,William N. Thorndike,1693
1693,Matthew McKay,1694
1694,Conn Iggulden,1695
1695,Toko-Pa Turner,1696
1696,Brendan Pang,1697
1697,Lao Tze,1698
1698,Lauren Farnsworth,1699
1699,Clive Hamilton,1700
1700,Peter V. Brett,1701
1701,David Wong,1702
1702,Phil Jackson,1703
1703,Dee Brown,1704
1704,William J. Walsh,1705
1705,Geronimo Stilton,1706
1706,Jess Hill,1707
1707,Emily Brontë,1708
1708,Andrew Cotter,1709
1709,Ross Welford,1710
1710,Sarah Kay,1711
1711,Desmond Shum,1712
1712,George Lakoff,1713
1713,"Lois P. Frankel, PhD",1714
1714,Douglas N. Graham,1715
1715,Chris Kraus,1716
1716,Tom Kerridge,1717
1717,Rebecca Skloot,1718
1718,Herodotus,1719
1719,Pete Egoscue,1720
1720,Connor Franta,1721
1721,Paul Ekman,1722
1722,William S. Burroughs,1723
1723,Tana French,1724
1724,Louis Borgenicht,1725
1725,Robert Jordan,1726
1726,Hiro Mashima,1727
1727,Sharon Blackie,1728
1728,Maria Treben,1729
1729,Donna Gates,1730
1730,Paul Grilley,1731
1731,Paul McKenna,1732
1732,Louise Fitzhugh,1733
1733,Victoria Schwab,1734
1734,Joshua Fletcher,1735
1735,William Lidwell,1736
1736,Dr John Gottman,1737
1737,Jack London,1738
1738,Nora Roberts,1739
1739,Mary E Pearson,1740
1740,William Davis,1741
1741,Norman Lewis,1742
1742,Barbara Kingsolver,1743
1743,Maaza Mengiste,1744
1744,Joyce Russell,1745
1745,David Schnarch,1746
1746,John Yorke,1747
1747,Paul Hollywood,1748
1748,Robert W. Chambers,1749
1749,Adachitoka,1750
1750,Maggie Nelson,1751
1751,Adam Johnson,1752
1752,Robert A Johnson,1753
1753,Carrie Fisher,1754
1754,Cindy Wilde,1755
1755,Bill Hilton,1756
1756,Martha Wells,1757
1757,Amy Ramos,1758
1758,Kelly A. Turner,1759
1759,Alex Haley,1760
1760,Edward Bernays,1761
1761,Eliza Clark,1762
1762,Dr. Thomas Gordon,1763
1763,Rafael Nadal,1764
1764,Carlos Castaneda,1765
1765,Sarah Bakewell,1766
1766,Kenneth Grahame,1767
1767,Kay Redfield Jamison,1768
1768,Iain McGilchrist,1769
1769,Kousuke Oono,1770
1770,Lauren Brukner,1771
1771,Minerva Siegel,1772
1772,Burton G. Malkiel,1773
1773,Jon Gabriel,1774
1774,Samuel P. Huntington,1775
1775,Victoria Parker,1776
1776,Sir Arthur Conan Doyle,1777
1777,Natalie Babbitt,1778
1778,Isa Moskowitz,1779
1779,Catherine Gray,1780
1780,Laura Ingalls Wilder,1781
1781,Reynold Poernomo,1782
1782,Caitlin Doughty,1783
1783,Tom Robinson,1784
1784,D.C.Thomson & Co Ltd,1785
1785,Gary Taubes,1786
1786,Keith Ferrazzi,1787
1787,Rebecca Campbell,1788
1788,Ingri d'Aulaire,1789
1789,Lee Kuan Yew,1790
1790,David Spiegelhalter,1791
1791,Oliver Burkeman,1792
1792,Janina Fisher,1793
1793,Sachiko Umoto,1794
1794,Naomi Wolf,1795
1795,Niccolo Machiavelli,1796
1796,Rob Thomas,1797
1797,Benedict Spinoza,1798
1798,Robert Hughes,1799
1799,Susan Pinner,1800
1800,Jim Butcher,1801
1801,Media Lab Books,1802
1802,Jill Esbaum,1803
1803,Jasper Fforde,1804
1804,Helen Russell,1805
1805,Louise Penny,1806
1806,Thomas Harris,1807
1807,Katherine Rundell,1808
1808,Sarah Powers,1809
1809,FUEL,1810
1810,Deborah Levy,1811
1811,Anne Griffin,1812
1812,Arthur Firstenberg,1813
1813,Seanan McGuire,1814
1814,G. Willow Wilson,1815
1815,Susan Schwake,1816
1816,Mizuki Tsujimura,1817
1817,Anonymous Anonymous,1818
1818,Thomas a Kempis,1819
1819,Val McDermid,1820
1820,Philip Tetlock,1821
1821,Editors of FLOW Magazine,1822
1822,Philip Carlo,1823
1823,John Flanagan,1824
1824,Dr William Li,1825
1825,Shannon Hale,1826
1826,Daniel Siegel,1827
1827,Cordelia Fine,1828
1828,Roger Lowenstein,1829
1829,Paolo Bacigalupi,1830
1830,Rebecca Eanes,1831
1831,Amy Cuddy,1832
1832,James Acaster,1833
1833,Bhikkhu Bodhi,1834
1834,Margarita Madrigal,1835
1835,Roberta Edwards,1836
1836,Thomas Hardy,1837
1837,Anuk Arudpragasam,1838
1838,Kieron Gillen,1839
1839,Kyra Sundance,1840
1840,Jean Liedloff,1841
1841,Steve McNiven,1842
1842,Ray D Bradbury,1843
1843,Sophie McKenzie,1844
1844,Yusei Matsui,1845
1845,Eoin McGee,1846
1846,Henry Kissinger,1847
1847,Hallie Rubenhold,1848
1848,Lonely Planet,1849
1849,Rachel Cohn,1850
1850,Gino Wickman,1851
1851,Sadie Matthews,1852
1852,John E Sarno,1853
1853,Jeremy Narby,1854
1854,Chidera Eggerue,1855
1855,Amy Tan,1856
1856,Murray Chandler,1857
1857,Ant Middleton,1858
1858,Shushann Movsessian,1859
1859,C. J. Sansom,1860
1860,Jane McLelland,1861
1861,Chris Cleave,1862
1862,Jean M. Auel,1863
1863,Isuna Hasekura,1864
1864,Caroline Foran,1865
1865,E.B. Hudspeth,1866
1866,Louie Giglio,1867
1867,Ernest Becker,1868
1868,Emilie Raffa,1869
1869,Kate Chopin,1870
1870,Marshall Goldsmith,1871
1871,Louise Jensen,1872
1872,Arianna Huffington,1873
1873,Parker J. Palmer,1874
1874,Gina Ford,1875
1875,Nicole Forsgren Phd,1876
1876,Stan Lee,1877
1877,Reza Aslan,1878
1878,Claire B. Shaeffer,1879
1879,Richard Rumelt,1880
1880,Susan Ee,1881
1881,Prof Bernhard Schlink,1882
1882,Christopher Paolini,1883
1883,Corinne Sweet,1884
1884,James Gleick,1885
1885,Alan Downs,1886
1886,Aristotle,1887
1887,Paul Jennings,1888
1888,Sherman Alexie,1889
1889,Rudy Simone,1890
1890,Kelly McGonigal,1891
1891,Don DeLillo,1892
1892,Donna Farhi,1893
1893,Lisa Damour,1894
1894,Christopher G. Fairburn,1895
1895,Emily Rodda,1896
1896,Susan Hill,1897
1897,F Scott Fitzgerald,1898
1898,Chris Rowthorn,1899
1899,Bo Burnham,1900
1900,Larry McMurtry,1901
1901,Eliyahu M Goldratt,1902
1902,Mariko Tamaki,1903
1903,Gustave Flaubert,1904
1904,Steven Gundry,1905
1905,Beckah Krahula,1906
1906,Jane Jacobs,1907
1907,Kendare Blake,1908
1908,Peter Godfrey-Smith,1909
1909,Peter Singer,1910
1910,Hergé,1911
1911,Dave Canterbury,1912
1912,Evelyn Tribole,1913
1913,Dr Edith Eva Eger,1914
1914,Matt Fraction,1915
1915,Rebecca Solnit,1916
1916,Thomas Hobbes,1917
1917,Stan Weinstein,1918
1918,Malorie Blackman,1919
1919,Nikita Gill,1920
1920,Jim Loehr,1921
1921,Shad Helmstetter,1922
1922,D.H. Lawrence,1923
1923,George Bradshaw,1924
1924,Gin Stephens,1925
1925,Robert S. Mendelsohn,1926
1926,Luke Jennings,1927
1927,Weston Price,1928
1928,Nora Ephron,1929
1929,Patrick McKeown,1930
1930,Richard Matheson,1931
1931,Drew Karpyshyn,1932
1932,John Lloyd,1933
1933,Stephanie Land,1934
1934,Krista Ritchie,1935
1935,Eimear McBride,1936
1936,Lina Ng,1937
1937,Maria V. Snyder,1938
1938,Arthur Golden,1939
1939,Flann O'Brien,1940
1940,Ross Edgley,1941
1941,Iris Chang,1942
1942,Yan Schenkel,1943
1943,The School of Life,1944
1944,Silvia Moreno-Garcia,1945
1945,Paul Stamets,1946
1946,Izabella Wentz,1947
1947,David Eagleman,1948
1948,Natsume Akatsuki,1949
1949,Lynley Dodd,1950
1950,Olga Tokarczuk,1951
1951,John Wright,1952
1952,Francine Shapiro,1953
1953,Elizabeth Zimmerman,1954
1954,Valerie Ann Worwood,1955
1955,Lorna Byrne,1956
1956,Diarmaid MacCulloch,1957
1957,Richard Rudd,1958
1958,Stephen LaBerge,1959
1959,Phil Town,1960
1960,Francine Rivers,1961
1961,Darrell Huff,1962
1962,Mark Lauren,1963
1963,Jorge Luis Borges,1964
1964,Amy C. Edmondson,1965
1965,Irving Chernev,1966
1966,Fred D'aguiar,1967
1967,Rachel Renee Russell,1968
1968,Rick Stein,1969
1969,Elizabeth Zimmermann,1970
1970,George B. Bridgman,1971
1971,James Fadiman,1972
1972,Thomas Phelan,1973
1973,Kazue Kato,1974
1974,Lucy Wolfe,1975
1975,Ernest Norling,1976
1976,Richard P. Feynman,1977
1977,W.G. Sebald,1978
1978,Mona Awad,1979
1979,Jim Starlin,1980
1980,Adrienne Young,1981
1981,Kazu Kibuishi,1982
1982,"Harriet G. Lerner, Ph.D.",1983
1983,Brent Weeks,1984
1984,Geoff Johns,1985
1985,Mick Herron,1986
1986,James Wong,1987
1987,Bernie Clark,1988
1988,Lex Croucher,1989
1989,Kate DiCamillo,1990
1990,Howard Jacobson,1991
1991,"Frederick Brooks, Jr.",1992
1992,Laozi,1993
1993,Portia de Rossi,1994
1994,Benjamin Hoff,1995
1995,George Bernard Shaw,1996
1996,Takehiko Inoue,1997
1997,Anne Carson,1998
1998,David Baddiel,1999
1999,Peter Gray,2000
2000,Arthur Ransome,2001
2001,Jeanne Birdsall,2002
2002,Mark Billingham,2003
2003,Simon and Schuster,2004
2004,Alan Bennett,2005
2005,Philip Roth,2006
2006,Peter Temple,2007
2007,Jeff Lowenfels,2008
2008,Emeran Mayer,2009
2009,Marchen Art,2010
2010,Edward Snowden,2011
2011,Clayton Christensen,2012
2012,Aileen Cox Blundell,2013
2013,Yoko Ogawa,2014
2014,E.L. James,2015
2015,Henry Miller,2016
2016,J. Gordon,2017
2017,David Ogilvy,2018
2018,Catherine Nixey,2019
2019,David Malouf,2020
2020,Arkady Martine,2021
2021,Dr Christopher Green,2022
2022,LEM STANISLAW,2023
2023,Donald J. Trump,2024
2024,Aditya Bhargava,2025
2025,Helen Simonson,2026
2026,Yoshitoki Oima,2027
2027,Louise Crowther,2028
2028,Geoff Price,2029
2029,Loung Ung,2030
2030,St. John of the Cross,2031
2031,Walter Benjamin,2032
2032,Jason Schreier,2033
2033,Patricia Lockwood,2034
2034,Capacchione,2035
2035,Erik Larson,2036
2036,F. Batmanghelidj,2037
2037,Mohnish Pabrai,2038
2038,Gok Wan,2039
2039,James W. Heisig,2040
2040,Dan Toombs,2041
2041,National Geographic Kids,2042
2042,"Dr Willard F. Harley, Jr",2043
2043,Charles Wheelan,2044
2044,Lars Svensson,2045
2045,A.G. Lafley,2046
2046,Masaru Emoto,2047
2047,Mary Crocker,2048
2048,Jamie McGuire,2049
2049,Rosalind Miles,2050
2050,Johann Wolfgang Von Goethe,2051
2051,Thomas Sowell,2052
2052,Rachel Hollis,2053
2053,Alastair Smith,2054
2054,John J Ratey,2055
2055,Danny Silk,2056
2056,Ryunosuke Akutagawa,2057
2057,Chris White,2058
2058,David Brooks,2059
2059,Lesley Sims,2060
2060,Jonathan Wilson,2061
2061,Misha Collins,2062
2062,Iain M. Banks,2063
2063,Rosanna Pansino,2064
2064,Robin Norwood,2065
2065,Euripides,2066
2066,Kieran Fanning,2067
2067,Roger Lancelyn Green,2068
2068,Nicholas J. Brown,2069
2069,Dr Emily Nagoski,2070
2070,Ian Fleming,2071
2071,Elly Griffiths,2072
2072,Erin Hunter,2073
2073,Laura Lynne Jackson,2074
2074,John Cremona,2075
2075,Michael J Harner,2076
2076,Miranda Sings,2077
2077,Edd Kimber,2078
2078,Roman Bystrianyk,2079
2079,"St.Therese of Lisieux,",2080
2080,HUNTLEY FITZPATRICK,2081
2081,Tracy,2082
2082,Gordon D. Fee,2083
2083,Martin Heidegger,2084
2084,Dawn French,2085
2085,Kaia Ra,2086
2086,Tedd Tripp,2087
2087,Al Ries,2088
2088,Diane Ahlquist,2089
2089,Zora Neale Hurston,2090
2090,Fonda Lee,2091
2091,Vasily Grossman,2092
2092,Saul Alinsky,2093
2093,Flores,2094
2094,Ellen Raskin,2095
2095,Annie Duke,2096
2096,Angel Strawbridge,2097
2097,Camille Fournier,2098
2098,Dimitris Chassapakis,2099
2099,Winifred Aldrich,2100
2100,Lynne Reid Banks,2101
2101,Cecelia Ahern,2102
2102,Tim Winton,2103
2103,Thomas Merton,2104
2104,Anne Enright,2105
2105,Maxim Jakubowski,2106
2106,Mark Daniels,2107
2107,Larry Niven,2108
2108,Takashi Yano,2109
2109,Jesse Byock,2110
2110,Christopher Hart,2111
2111,Zack Zombie,2112
2112,Clemmie Hooper,2113
2113,Hank Green,2114
2114,Cathy Glass,2115
2115,Ann Handley,2116
2116,Kenneth Bailey,2117
2117,Darryl Cheng,2118
2118,Francis Chan,2119
2119,Shannon Messenger,2120
2120,Meera Lee Patel,2121
2121,Henning Mankell,2122
2122,John Ajvide Lindqvist,2123
2123,Elizabeth Kolbert,2124
2124,Sally Kempton,2125
2125,Abdullah Yusuf Ali,2126
2126,Mark Kistler,2127
2127,Constantin Stanislavski,2128
2128,Robert Graves,2129
2129,Rachel Reed,2130
2130,Sebastian Junger,2131
2131,Nabeel Qureshi,2132
2132,Adam Higginbotham,2133
2133,Alix E. Harrow,2134
2134,Richard Benson,2135
2135,Scott Jurek,2136
2136,Lorraine Pascale,2137
2137,Clair Davies,2138
2138,Rebecca Wilson,2139
2139,"Louann Brizendine, MD",2140
2140,Robert Lanza,2141
2141,Laurence Heller,2142
2142,Edith Nesbit,2143
2143,Jordan Ifueko,2144
2144,Keigo Higashino,2145
2145,La Leche League International,2146
2146,Vaclav Havel,2147
2147,Jazz Thornton,2148
2148,Bryan Stevenson,2149
2149,Li Cunxin,2150
2150,Jennifer L. Armentrout,2151
2151,Fr Donald Calloway,2152
2152,Alice Hoffman,2153
2153,Ava Dellaira,2154
2154,Beverly Cleary,2155
2155,Mia Sheridan,2156
2156,Kamo,2157
2157,Andrew Morton,2158
2158,David A Sinclair,2159
2159,Akimi Yoshida,2160
2160,Dr Sue Morter,2161
2161,John Harrison,2162
2162,Niall Williams,2163
2163,Annie Kagan,2164
2164,WENDELIN VAN DRAANEN,2165
2165,The Estate of Richard Brautigan,2166
2166,Harville Hendrix,2167
2167,JAMIE OLIVER,2168
2168,Charlaine Harris,2169
2169,Jessica Brody,2170
2170,Friedrich Engels,2171
2171,Sir David Attenborough,2172
2172,Penguin,2173
2173,Natascha Kampusch,2174
2174,Kimberly Snyder,2175
2175,Matt & Tom Oldfield,2176
2176,Candace Pert,2177
2177,Alex Ferguson,2178
2178,Carey Pietsch,2179
2179,Sy Montgomery,2180
2180,Joe Dispenza,2181
2181,Titan Books,2182
2182,Andrew Thomson,2183
2183,James Rallison,2184
2184,William Dalrymple,2185
2185,Gene Luen Yang,2186
2186,Henri J. M. Nouwen,2187
2187,David McCandless,2188
2188,David Almond,2189
2189,Alan Cumming,2190
2190,John Keats,2191
2191,Richard Ayoade,2192
2192,Fiona Zandt,2193
2193,G. W. F. Hegel,2194
2194,Jennifer Egan,2195
2195,Alwyn Hamilton,2196
2196,Adam Blade,2197
2197,Marian Keyes,2198
2198,Jane Davenport,2199
2199,Marshall McLuhan,2200
2200,Teresa,2201
2201,Jonah Berger,2202
2202,Judson Brewer,2203
2203,Richard Foster,2204
2204,Ashley Craft,2205
2205,Becker,2206
2206,Kathryn Mannix,2207
2207,Asato Asato,2208
2208,Jenna Rainey,2209
2209,Dr. Steven R. Gundry,2210
2210,Raymond Buckland,2211
2211,Alfred Bester,2212
2212,Isabel L. Beck,2213
2213,Jane Nelsen,2214
2214,Richard C. Schwartz,2215
2215,Dava Sobel,2216
2216,Ian Morris,2217
2217,Jonathan Swift,2218
2218,Daniel Defoe,2219
2219,Ivana Chubbuck,2220
2220,Douglas Crockford,2221
2221,Pam and Nicky Lintott,2222
2222,Agustina Bazterrica,2223
2223,The F2,2224
2224,J B Priestley,2225
2225,Tristan Gooley,2226
2226,Daniel Sloss,2227
2227,Sophie Cleverly,2228
2228,Ilona Andrews,2229
2229,Shonda Rhimes,2230
2230,Roland Lazenby,2231
2231,Thomas Lewis,2232
2232,Ally Condie,2233
2233,Raymond Murphy,2234
2234,John Stuart Mill,2235
2235,Roy Peter Clark,2236
2236,Pat Pattison,2237
2237,Dan Ariely,2238
2238,Liz Nugent,2239
2239,Matt Oldfield,2240
2240,Ian McGuire,2241
2241,David Sedaris,2242
2242,David Gillespie,2243
2243,Howard Zinn,2244
2244,Disney Book Group,2245
2245,Rob Sears,2246
2246,Catana Chetwynd,2247
2247,Laurie Frankel,2248
2248,Robert Swindells,2249
2249,Florence Littauer,2250
2250,Wendy Williams,2251
2251,Fiona Watt,2252
2252,Germaine Greer,2253
2253,Patrick O'Brian,2254
2254,Robert Seethaler,2255
2255,Mark Millar,2256
2256,Mike Tyson,2257
2257,Allie Gaunt,2258
2258,Robert Kegan,2259
2259,Sophie Kinsella,2260
2260,William P. Young,2261
2261,Carol Bolt,2262
2262,Scott Adams,2263
2263,Tara Mohr,2264
2264,Doug Lemov,2265
2265,Barack Obama,2266
2266,Alexandra Pope,2267
2267,Guy Winch,2268
2268,Dr Sarah Edelman,2269
2269,Marieke Lucas Rijneveld,2270
2270,Matt Fitzgerald,2271
2271,Frederic Laloux,2272
2272,Annie Raser-Rowland,2273
2273,Katie Piper,2274
2274,Lucia Berlin,2275
2275,Daniel B Greene,2276
2276,Bob Phillips,2277
2277,Gaz Oakley,2278
2278,Eric Lomax,2279
2279,Sanford Meisner,2280
2280,Becky Excell,2281
2281,Garth Ennis,2282
2282,Michael Cunningham,2283
2283,Patricia Mcconnell,2284
2284,Akira Toriyama,2285
2285,Francois Neveux,2286
2286,Nancy Faber,2287
2287,Judea Pearl,2288
2288,Genzaburo Yoshino,2289
2289,B. K. S. Iyengar,2290
2290,Jen Wang,2291
2291,Dr Alan Desmond,2292
2292,Jerry Spinelli,2293
2293,Isabel Allende,2294
2294,Ralph Waldo Emerson,2295
2295,James Frey,2296
2296,Marie F. Mongan,2297
2297,Colm Tóibín,2298
2298,Julie Berry,2299
2299,Natsuki Takaya,2300
2300,Jack Canfield,2301
2301,Thomas Mann,2302
2302,David D Burns,2303
2303,Faith G. Harper,2304
2304,Andy Cope,2305
2305,Seamus Heaney,2306
2306,Adiba Jaigirdar,2307
2307,Bryce Courtenay,2308
2308,Nicole Robertson,2309
2309,Grady Hendrix,2310
2310,Ray Goggins,2311
2311,Mae Martin,2312
2312,J M Barrie,2313
2313,Corrie Ten Boom,2314
2314,John Bolton,2315
2315,Christie Golden,2316
2316,Robert Kuok,2317
2317,Arthur Benjamin,2318
2318,DEBORAH HARKNESS,2319
2319,Ian Serraillier,2320
2320,Michael McIntyre,2321
2321,Nathaniel Hawthorne,2322
2322,Andy Shepherd,2323
2323,Maria Montessori,2324
2324,Magda Szubanski,2325
2325,Royal Horticultural Society,2326
2326,Jean-Dominique Bauby,2327
2327,Amanda Owen,2328
2328,Mr Thomas Bartram,2329
2329,Herge,2330
2330,Shoukei Matsumoto,2331
2331,Alisa Vitti,2332
2332,T.E. Lawrence,2333
2333,Emily Gunnis,2334
2334,Jenny Colgan,2335
2335,George Hrabovsky,2336
2336,Scott Westerfeld,2337
2337,Brian Bilston,2338
2338,Tupac Shakur,2339
2339,L. Frank Baum,2340
2340,Simon Sebag Montefiore,2341
2341,Leah Bendavid-Val,2342
2342,Gina Daly,2343
2343,TOM KOLB,2344
2344,Giovanna Fletcher,2345
2345,Scottie Pippen,2346
2346,Don Winslow,2347
2347,Tony Judt,2348
2348,S.C. Gwynne,2349
2349,Emily Giffin,2350
2350,Michelle Harrison,2351
2351,Jose Saramago,2352
2352,Andrew Allott,2353
2353,David Keil,2354
2354,Mason Deaver,2355
2355,Ovid,2356
2356,Wallace Stegner,2357
2357,Amy Myers,2358
2358,Thomas Easley,2359
2359,Dr. Jason Fung,2360
2360,Pam Grout,2361
2361,Mark Fisher,2362
2362,Dave Gray,2363
2363,Simon Mawer,2364
2364,Michel Houellebecq,2365
2365,S.E. Hinton,2366
2366,Amanda Jean Nyberg,2367
2367,Aimee Chase,2368
2368,Soman Chainani,2369
2369,Miranda Cowley Heller,2370
2370,Ijeoma Oluo,2371
2371,Sandra Dr Cabot,2372
2372,Camilla Lackberg,2373
2373,Jean Craighead George,2374
2374,Robert D. Hare,2375
2375,Saint Augustine,2376
2376,Robert Leckie,2377
2377,Marian C. Diamond,2378
2378,William Whitecloud,2379
2379,Steven D Levitt,2380
2380,Sara Wernham,2381
2381,Lorna Scobie,2382
2382,Alexander Mccall Smith,2383
2383,Henry Cloud,2384
2384,Rodney Habib,2385
2385,Andreas M. Antonopoulos,2386
2386,Sahara Rose Ketabi,2387
2387,Martin Lings,2388
2388,Tilly Walnes,2389
2389,Kass Morgan,2390
2390,Ellen DeGeneres,2391
2391,Ben R. Cohen,2392
2392,Alastair Bonnett,2393
2393,Jennifer Appel,2394
2394,Yuki Tabata,2395
2395,Miyoko Schinner,2396
2396,Anne Brontë,2397
2397,Bryan Burrough,2398
2398,Susan Forward,2399
2399,Willard A Palmer,2400
2400,Natalie Goldberg,2401
2401,Dominique Loreau,2402
2402,Dr Richard K. Bernstein,2403
2403,Zifflin,2404
2404,Dr Bradley Nelson,2405
2405,Sonya Renee Taylor,2406
2406,Simon Winchester,2407
2407,Roman Krznaric,2408
2408,Amy Morin,2409
2409,John D. Teasdale,2410
2410,Hazel Soan,2411
2411,Sidney Lumet,2412
2412,Francis Spufford,2413
2413,Simon Singh,2414
2414,Sri  Nisargadatta Maharaj,2415
2415,Ralph Ellison,2416
2416,Masashi Kishimoto,2417
2417,Ian Morgan Cron,2418
2418,Geshe Michael Roach,2419
2419,Dr. Daniel J Siegel,2420
2420,Deborah Ellis,2421
2421,Cambridge School Classics Project,2422
2422,Jill Santopolo,2423
2423,Paru Itagaki,2424
2424,Michael J Sandel,2425
2425,Kate Petty,2426
2426,Madhur Jaffrey,2427
2427,Jane Dunn,2428
2428,Allen Ginsberg,2429
2429,Shane Dawson,2430
2430,Najwa Zebian,2431
2431,Roberto Bolano,2432
2432,"Eric Schmidt, III",2433
2433,Yuki Fumino,2434
2434,Yumiko Higuchi,2435
2435,Anastasia Greywolf,2436
2436,David Diop,2437
2437,Nicole Krauss,2438
2438,Tasha Suri,2439
2439,Donna J. Haraway,2440
2440,Tabitha Suzuma,2441
2441,Sally Shaywitz,2442
2442,Mizuho Kusanagi,2443
2443,Daniel J Siegel,2444
2444,Dr Deepak Chopra,2445
2445,Genevieve Cogman,2446
2446,Nigel Slater,2447
2447,Cara Hunter,2448
2448,Andrew Solomon,2449
2449,Lauren Graham,2450
2450,Mari Ono,2451
2451,Shauna Niequist,2452
2452,Billy Connolly,2453
2453,Matt Ridley,2454
2454,M. E. Thomas,2455
2455,Kurtis J. Wiebe,2456
2456,Hokusai,2457
2457,Ana Huang,2458
2458,Amber Smith,2459
2459,Harmony Nice,2460
2460,David D Burnes,2461
2461,Keri Hulme,2462
2462,Karen Tack,2463
2463,Christina Baker Kline,2464
2464,Margaret Mitchell,2465
2465,Tsubasa Yamaguchi,2466
2466,Steve Silberman,2467
2467,Sally M. Winston,2468
2468,Kristin Cashore,2469
2469,Laszlo Bock,2470
2470,John Grisham,2471
2471,Alice Munro,2472
2472,Brian Kernighan,2473
2473,Ian Allen,2474
2474,Megamunden,2475
2475,Alphonso Dunn,2476
2476,Jordan Reid,2477
2477,J. P. Delaney,2478
2478,Rachel Hawkins,2479
2479,Siobhan Ferguson,2480
2480,Joshua Bloch,2481
2481,Ben MacIntyre,2482
2482,ShaoLan Hsueh,2483
2483,Brian Greene,2484
2484,Susan Abulhawa,2485
2485,Lorraine Hansberry,2486
2486,Robert McKee,2487
2487,Kiyohiko Azuma,2488
2488,Sharri Markson,2489
2489,Chip Gaines,2490
2490,Bruce Patton,2491
2491,Milli Hill,2492
2492,President Bill Clinton,2493
2493,Hiromu Arakawa,2494
2494,Sparknotes,2495
2495,Svetlana Alexievich,2496
2496,Harriet Muncaster,2497
2497,Bill Willingham,2498
2498,Amartya Sen,2499
2499,Max Lugavere,2500
2500,E M Forster,2501
2501,Harriet Beecher Stowe,2502
2502,Claire Wellesley-Smith,2503
2503,Catherine Price,2504
2504,Sandor Ellix Katz,2505
2505,Bob Mortimer,2506
2506,Peter Hopkirk,2507
2507,Dan Senor,2508
2508,Michael Faudet,2509
2509,Jack Fairweather,2510
2510,Ms Patti Smith,2511
2511,Ursula K Le Guin,2512
2512,Odd Dot,2513
2513,Michael Grant,2514
2514,Edwin F. Bryant,2515
2515,Jasmin Lee Cori,2516
2516,Brian Keane,2517
2517,Marty Neumeier,2518
2518,Ted Simon,2519
2519,Lisa Kleypas,2520
2520,Jennifer A Ericsson,2521
2521,Jia Tolentino,2522
2522,Michelle Hodkin,2523
2523,Anders Ericsson,2524
2524,Kamome Shirahama,2525
2525,Leon Uris,2526
2526,Larry Moss,2527
2527,Jeanne DuPrau,2528
2528,Sarah Napthali,2529
2529,John King,2530
2530,Kate Holden,2531
2531,Catherynne M Valente,2532
2532,Garrett Wickham,2533
2533,Barry Schwartz,2534
2534,Matthew Quick,2535
2535,Olaf Breidbach,2536
2536,Harriet Tyce,2537
2537,Helen Paiba,2538
2538,David Harvey,2539
2539,Renni Browne,2540
2540,Inc Peter Pauper Press,2541
2541,Orson Scott Card,2542
2542,John Bunyan,2543
2543,Anna Fienberg,2544
2544,Helene Hanff,2545
2545,Stan Hieronymus,2546
2546,Glen Cook,2547
2547,Andrea Hannemann,2548
2548,Mats & Enzo,2549
2549,Kami Garcia,2550
2550,LIV Constantine,2551
2551,Blair Worden,2552
2552,Wataru Watari,2553
2553,Asia Citro,2554
2554,Samantha King Holmes,2555
2555,Ernst Zillekens,2556
2556,Joseph Ciarrochi,2557
2557,Francis Weller,2558
2558,Mary Roach,2559
2559,Takashi Nagasaki,2560
2560,Charles Eisenstein,2561
2561,John J. Murphy,2562
2562,Chelsea Monroe-Cassel,2563
2563,Meg Mason,2564
2564,James Carse,2565
2565,J K Rowling,2566
2566,The Beginner's Bible,2567
2567,Joseph Stiglitz,2568
2568,Nick Vujicic,2569
2569,Sarah Krasnostein,2570
2570,Jason Fox,2571
2571,Jonathan Cahn,2572
2572,David Lebovitz,2573
2573,E F Schumacher,2574
2574,James Patterson,2575
2575,Leslye Walton,2576
2576,Thomas C Foster,2577
2577,Gilles Deleuze,2578
2578,Aranya,2579
2579,Matthew Reilly,2580
2580,Walter Miller,2581
2581,Michael White,2582
2582,Lena Dunham,2583
2583,Nick Offerman,2584
2584,John Scalzi,2585
2585,H. G. Wells,2586
2586,Jeaniene Frost,2587
2587,Rachel Naomi Remen,2588
2588,Robert Wright,2589
2589,Richard Barnett,2590
2590,Irène Némirovsky,2591
2591,Wendy T. Behary,2592
2592,50 Cent,2593
2593,Vidyamala Burch,2594
2594,Ken Liu,2595
2595,Yanis Varoufakis,2596
2596,Amitav Ghosh,2597
2597,David Byrne,2598
2598,Albert Uderzo,2599
2599,Johanna Basford,2600
2600,Drew de Soto,2601
2601,Ilan Pappe,2602
2602,Lara Briden,2603
2603,Clive King,2604
2604,May Chan,2605
2605,Eugene T. Gendlin,2606
2606,Soseki Natsume,2607
2607,Slavoj Zizek,2608
2608,Sathnam Sanghera,2609
2609,Riichiro Inagaki,2610
2610,Nick Drnaso,2611
2611,Ciara Smyth,2612
2612,Todd Strasser,2613
2613,Paul Auster,2614
2614,Hitoshi Iwaaki,2615
2615,"Alice Boyes, Ph.D",2616
2616,Morgan Rogers,2617
2617,Chad Orzel,2618
2618,Fumio Sasaki,2619
2619,Claudia Rankine,2620
2620,Samuel Beckett,2621
2621,Craig Groeschel,2622
2622,Frederik Pohl,2623
2623,Martha Stout,2624
2624,Mark Tighe,2625
2625,J Krishnamurti,2626
2626,Victor Cheng,2627
2627,Meredith Russo,2628
2628,Martin Hewings,2629
2629,James Smith,2630
2630,Lyssa Kay Adams,2631
2631,Niall Ferguson,2632
2632,Cassey Ho,2633
2633,Cate Kennedy,2634
2634,T Colin Campbell,2635
2635,Hazel Hayes,2636
2636,Gavin de Becker,2637
2637,Chris Cheyette,2638
2638,Hidenori Kusaka,2639
2639,Geoff Neuss,2640
2640,Rob Elliott,2641
2641,Richard Killeen,2642
2642,Bill Burnett,2643
2643,Jennifer Fleming,2644
2644,Heather Amery,2645
2645,Judy Mikovits,2646
2646,John Hersey,2647
2647,Francis Fukuyama,2648
2648,PH D Harriet Lerner,2649
2649,Greg Sestero,2650
2650,George Lois,2651
2651,Aswath Damodaran,2652
2652,Antoine de Saint-Exupéry,2653
2653,Neil Rackham,2654
2654,Beth Aune,2655
2655,Anne-Marie Faiola,2656
2656,Ruth Culham,2657
2657,Priya Parker,2658
2658,Gene Kranz,2659
2659,Alisa Golden,2660
2660,Cara Familian Natterson,2661
2661,Lauren Weisberger,2662
2662,Emma Block,2663
2663,F.L. Fowler,2664
2664,Jo Brown,2665
2665,Richard Scarry,2666
2666,Martha Hall Kelly,2667
2667,Daniella Moyles,2668
2668,Shunryu Suzuki,2669
2669,Wladyslaw Szpilman,2670
2670,Alexandra Horowitz,2671
2671,Dr. Brian L. Weiss,2672
2672,Ted Kaptchuk,2673
2673,Nathan Law,2674
2674,J M Coetzee,2675
2675,Richard Branson,2676
2676,Audre Lorde,2677
2677,Mary Reynolds,2678
2678,Neil Fiore,2679
2679,Kira Breed-Wrisley,2680
2680,Immanuel Kant,2681
2681,Alwyn Cosgrove,2682
2682,Sri Ramana Maharshi,2683
2683,Vince Flynn,2684
2684,John B. Arden,2685
2685,Robert Schwartz,2686
2686,Milton Cooper,2687
2687,Tamim Ansary,2688
2688,Paul Tough,2689
2689,M Manson,2690
2690,Mary Wollstonecraft Shelley,2691
2691,Maynard James Keenan,2692
2692,Henry Kimsey-House,2693
2693,Michael Booth,2694
2694,Charlie Higson,2695
2695,Belle de Jour,2696
2696,Pia Mellody,2697
2697,Ramit Sethi,2698
2698,Alexis Wright,2699
2699,Diana Richardson,2700
2700,Edith Wharton,2701
2701,Abby Wambach,2702
2702,Nancy Marchant,2703
2703,Sarah Hogle,2704
2704,Suki Kim,2705
2705,Moshe Feldenkrais,2706
2706,Shaun Usher,2707
2707,Ernst Jünger,2708
2708,Ajahn Brahm,2709
2709,Amy McCready,2710
2710,Lauren Groff,2711
2711,Diane Setterfield,2712
2712,Josephine Tey,2713
2713,Chet Holmes,2714
2714,Linda Bacon,2715
2715,Miyoko Mishimoto Schinner,2716
2716,Jeff Alulis,2717
2717,Megan Jayne Crabbe,2718
2718,Walter Makichen,2719
2719,Heather Heying,2720
2720,Joël Dicker,2721
2721,Ozzy Osbourne,2722
2722,Francesca Zappia,2723
2723,Richard Bertinet,2724
2724,Vladimir Ilich Lenin,2725
2725,Gregg Braden,2726
2726,Rob Sheffield,2727
2727,Sarah Pinborough,2728
2728,Carlo Zen,2729
2729,Wes Mckinney,2730
2730,Rihito Takarai,2731
2731,James Barr,2732
2732,Virgil,2733
2733,Simon Blackburn,2734
2734,Clement Cheroux,2735
2735,Jim Cobb,2736
2736,Karl Ove Knausgaard,2737
2737,Jenny Lawson,2738
2738,J. G. Ballard,2739
2739,Helen Fielding,2740
2740,Pittacus Lore,2741
2741,Christian Dior,2742
2742,Sara Lewis,2743
2743,Vaughan Roberts,2744
2744,Ingrid Adelsberger,2745
2745,Miguel de Cervantes,2746
2746,Brad Stone,2747
2747,Kimberly Brubaker Bradley,2748
2748,Marie Therese Bougard,2749
2749,Erving Goffman,2750
2750,From Software,2751
2751,David Levithan,2752
2752,Clint McElroy,2753
2753,Blindboy Boatclub,2754
2754,Robert Harris,2755
2755,Kim Stanley Robinson,2756
2756,Denise Duffield-Thomas,2757
2757,Linnea Dunne,2758
2758,Carla Sonheim,2759
2759,Stephen Mitchell,2760
2760,Helen Rutter,2761
2761,Sam Heughan,2762
2762,Jo Baker,2763
2763,Cece Bell,2764
2764,Simon Kuper,2765
2765,Cornelia Funke,2766
2766,Barbara Marciniak,2767
2767,Ernst Haeckel,2768
2768,Dalai Lama,2769
2769,Daniel Levitin,2770
2770,Cameron Bloom,2771
2771,Holly Jones,2772
2772,Kari Dunn Buron,2773
2773,Laurent Binet,2774
2774,Nicole Daedone,2775
2775,Matsuo Basho,2776
2776,Seamas O'Reilly,2777
2777,George K Simon,2778
2778,Fuse,2779
2779,Ian Mcewan,2780
2780,Gitta Jacob,2781
2781,BJ Fogg,2782
2782,Nikesh Shukla,2783
2783,Sarah Adams,2784
2784,G.K. Chesterton,2785
2785,Peter Tompkins,2786
2786,Michael Ruhlman,2787
2787,Amanda Perkins,2788
2788,Fanny Zedenius,2789
2789,Country Bumpkin,2790
2790,Good Food Guides,2791
2791,Alex Horne,2792
2792,Sri K. Pattabhi Jois,2793
2793,Rockridge Press,2794
2794,Sean Covey,2795
2795,Harriet Lerner,2796
2796,Lincoln Peirce,2797
2797,Waris Dirie,2798
2798,Alexa Chung,2799
2799,Danielle L Jensen,2800
2800,Elizabeth G. Hainstock,2801
2801,dodie,2802
2802,George Monbiot,2803
2803,Marieke Nijkamp,2804
2804,Professor Michael Talbot,2805
2805,J. William Worden,2806
2806,Jokha Alharthi,2807
2807,Joe Sacco,2808
2808,Talktomeinkorean Talktomeinkorean,2809
2809,Sophie Anderson,2810
2810,Alan W. Watts,2811
2811,Werner Skalla,2812
2812,Laura Dave,2813
2813,Ed Yong,2814
2814,Paul David Tripp,2815
2815,SHEL SILVERSTEIN,2816
2816,Max Brallier,2817
2817,Yulia Van Doren,2818
2818,Matthew Hussey,2819
2819,Eric Hobsbawm,2820
2820,Patricia Briggs,2821
2821,Geoffrey Chaucer,2822
2822,Fearne Cotton,2823
2823,Mary Ann Shaffer,2824
2824,Aeschylus,2825
2825,Molly Suber Thorpe,2826
2826,E. Nesbit,2827
2827,Kiryu Tsukasa,2828
2828,Michael George,2829
2829,Susanna Davidson,2830
2830,"Sutherland, Tui T.",2831
2831,Christina Brown,2832
2832,N K Jemisin,2833
2833,J. A. Baker,2834
2834,Layla Saad,2835
2835,Katie Daisy,2836
2836,Martin Seligman,2837
2837,Pam Corbin,2838
2838,Alejandro Junger,2839
2839,Michel Foucault,2840
2840,Alice Feeney,2841
2841,Diane Ackerman,2842
2842,Peter L. Bernstein,2843
2843,Lucy Maud Montgomery,2844
2844,Linda Howe,2845
2845,San Francisco Writers' Grotto,2846
2846,Daniel Abraham,2847
2847,John Piper,2848
2848,Peter Barry,2849
2849,Juhani Pallasmaa,2850
2850,Chris Anderson,2851
2851,Arthur C. Clarke,2852
2852,Ellen Notbohm,2853
2853,Alex Frith,2854
2854,Rory Power,2855
2855,Joan Lindsay,2856
2856,Bryan Peterson,2857
2857,Ray Daniels,2858
2858,Nadifa Mohamed,2859
2859,Aldo Leopold,2860
2860,T. S. Eliot,2861
2861,Michael Brenock,2862
2862,Jed Baker,2863
2863,Stephen Porges,2864
2864,Dr. Sara Gottfried,2865
2865,David Asher,2866
2866,Javier Blas,2867
2867,Maurice Leblanc,2868
2868,John Fleming,2869
2869,Ann Shen,2870
2870,Ibram X. Kendi,2871
2871,Jack Kornfield,2872
2872,Kevin Leman,2873
2873,Donald J. Sobol,2874
2874,Chad a Ripperger,2875
2875,Jose Marechal,2876
2876,Deckard Cain,2877
2877,Lindsay Squire,2878
2878,Harlan Ellison,2879
2879,Robert A. Heinlein,2880
2880,Dr. Paul Babiak,2881
2881,Guy Deutscher,2882
2882,Tone Finnanger,2883
2883,Matthew Skelton,2884
2884,Claire Heartsong,2885
2885,Michael Scott,2886
2886,Alexandra Caspero,2887
2887,Benedict Anderson,2888
2888,Evelyn Waugh,2889
2889,David Frawley,2890
2890,r.h. Sin,2891
2891,Stephanie Dalley,2892
2892,Rhiannon Beaubien,2893
2893,Dervla McTiernan,2894
2894,Doris Lessing,2895
2895,David Grann,2896
2896,John Wagner,2897
2897,Mariana Mazzucato,2898
2898,Dr Laura Markham,2899
2899,Roger Deakin,2900
2900,Jen Campbell,2901
2901,Rachel Griffin,2902
2902,Bill Walsh,2903
2903,Kat Von D,2904
2904,E. M. Forster,2905
2905,Edward Brooke-Hitching,2906
2906,Jennifer S. Holland,2907
2907,Antonio Damasio,2908
2908,Stjepan Sejic,2909
2909,Peter Thiel,2910
2910,John Le Carré,2911
2911,Niomi Smart,2912
2912,Johnny Cash,2913
2913,Herman Parish,2914
2914,Sandra Cabot,2915
2915,Michael E. Porter,2916
2916,Michael Emmerich,2917
2917,Sharon Flynn,2918
2918,Joe Simpson,2919
2919,James Clavell,2920
2920,Nakahara Chuya,2921
2921,Patrick deWitt,2922
2922,Nakaba Suzuki,2923
2923,Dr Oscar Serrallach,2924
2924,"Dr. Claudia Welch, MSOM",2925
2925,Ordnance Survey,2926
2926,Scarlet Beriko,2927
2927,Will Durant,2928
2928,Stephanie Laurens,2929
2929,Phillip J. Anderson,2930
2930,Kate Parker,2931
2931,Adam Lawrence,2932
2932,Doris Kearns Goodwin,2933
2933,Stephen Harrod Buhner,2934
2934,Neil Oliver,2935
2935,Norma Miller,2936
2936,Cerridwen Greenleaf,2937
2937,Sara Gay Forden,2938
2938,Kristy Turner,2939
2939,Jon Erickson,2940
2940,Peter Mayle,2941
2941,Rachel Macy Stafford,2942
2942,David Nott,2943
2943,Scott Carney,2944
2944,Mel Brooks,2945
2945,Morgan Brown,2946
2946,Thomas Ligotti,2947
2947,Jackie Mize,2948
2948,Charles Dowding,2949
2949,Richard Coward,2950
2950,Martin Luther King Jr,2951
2951,Dick Strawbridge,2952
2952,Becca Fitzpatrick,2953
2953,Jason Matthews,2954
2954,Adam Rutherford,2955
2955,Lyn D. Sharratt,2956
2956,Jean-Jaques Rousseau,2957
2957,Andrew Aziz,2958
2958,Bea Johnson,2959
2959,Helen Kennerley,2960
2960,Warren Ellis,2961
2961,Helen Hardt,2962
2962,Nicola Morgan,2963
2963,Janet B. Pascal,2964
2964,Juliet Marillier,2965
2965,Ralph Metzner,2966
2966,Bridget Collins,2967
2967,Kyle Gray,2968
2968,Jamie Delano,2969
2969,Sean Murphy,2970
2970,Marion Zimmer Bradley,2971
2971,Shinji Moon,2972
2972,Chris Riddell,2973
2973,Brenna Thummler,2974
2974,Ruth Ware,2975
2975,Naoko Takeuchi,2976
2976,Angela McAllister,2977
2977,Eric D.C Zielinski,2978
2978,Lisa Thompson,2979
2979,Bill Watterson,2980
2980,Favel Parrett,2981
2981,Richie McCaw,2982
2982,Mona Delahooke,2983
2983,Lindsey Biel,2984
2984,Jing-Jing Lee,2985
2985,Jonathan Drori,2986
2986,Colleen McCullough,2987
2987,Clare Hunter,2988
2988,Dave Logan,2989
2989,Sinclair McKay,2990
2990,Serhii Plokhy,2991
2991,Jason Roberts,2992
2992,Sasha Grey,2993
2993,John Gwynne,2994
2994,Amber Fossey,2995
2995,Louise Erdrich,2996
2996,Collins Dictionaries,2997
2997,Milo Yiannopoulos,2998
2998,Douglas Fisher,2999
2999,Adam J. Kurtz,3000
3000,Professor Sue Black,3001
3001,Patricia Burke Brogan,3002
3002,Trixie Mattel,3003
3003,Pam England,3004
3004,Melinda Blau,3005
3005,Makoto Shinkai,3006
3006,Carole Matthews,3007
3007,John Palmer,3008
3008,Annabel Crabb,3009
3009,Oliver Tearle,3010
3010,Francois Voltaire,3011
3011,Daniel Stevens,3012
3012,John Warrillow,3013
3013,Emily Elgar,3014
3014,Lily King,3015
3015,Julie Maroh,3016
3016,Karin Slaughter,3017
3017,Janet Evanovich,3018
3018,Helen Garner,3019
3019,Jean Hanff Korelitz,3020
3020,Richard Castle,3021
3021,David Icke,3022
3022,Kim Edwards,3023
3023,Stefan Zweig,3024
3024,Greer Hendricks,3025
3025,Thomas A. Harris,3026
3026,Nigel Warburton,3027
3027,Don Norman,3028
3028,Professor Noel Fitzpatrick,3029
3029,Lawrence Anthony,3030
3030,XIRAN JAY ZHAO,3031
3031,Barbara Carrellas,3032
3032,Francesca Simon,3033
3033,Nevil Shute,3034
3034,Shawn Robbins,3035
3035,Edmund de Waal,3036
3036,C.G. Drews,3037
3037,Magda Gerber,3038
3038,AJALT,3039
3039,Carl Von Clausewitz,3040
3040,Bart van Es,3041
3041,Arnold Lobel,3042
3042,Jomny Sun,3043
3043,Wendell Berry,3044
3044,Shawn Stevenson,3045
3045,Carolyn Costin,3046
3046,Pema Chodron,3047
3047,Ruby Tandoh,3048
3048,John Irving,3049
3049,Michael Robotham,3050
3050,Dermot O'Leary,3051
3051,Sinead Burke,3052
3052,Nancy Mitford,3053
3053,Marie Rutkoski,3054
3054,Pam Pollack,3055
3055,P. L. Travers,3056
3056,W. Bruce Cameron,3057
3057,Monty Don,3058
3058,Lisa McInerney,3059
3059,Flannery O'Connor,3060
3060,Brian McClellan,3061
3061,Jackie French,3062
3062,Verne Harnish,3063
3063,Richard Guare,3064
3064,Fujino Omori,3065
3065,James Rickards,3066
3066,Jerry Craft,3067
3067,Susan Perrow,3068
3068,Justin Halpern,3069
3069,Charles Montgomery,3070
3070,Joanna Russ,3071
3071,James Bryan Smith,3072
3072,Dervla Murphy,3073
3073,Iain Banks,3074
3074,Richard Koch,3075
3075,A. S. A. Harrison,3076
3076,Paul Hawken,3077
3077,Marco Polo,3078
3078,Rashida Coleman-Hale,3079
3079,Tan Twan Eng,3080
3080,Violet Oaklander,3081
3081,Meg Jay,3082
3082,the pregnancy experts at Mayo Clinic,3083
3083,Skye Alexander,3084
3084,Elise Kova,3085
3085,Karl Dawson,3086
3086,Gary R. Renard,3087
3087,Karla McLaren,3088
3088,Daniel Z. Lieberman,3089
3089,Marvin W. Meyer,3090
3090,Pat Dorsey,3091
3091,Edwin A. Abbott,3092
3092,W. Somerset Maugham,3093
3093,Martha Beck,3094
3094,Janie A Bowthorpe,3095
3095,Thomas Pakenham,3096
3096,Silvia Federici,3097
3097,Catharina Ingelman-Sundberg,3098
3098,Lysa TerKeurst,3099
3099,Suzanne O'Sullivan,3100
3100,Daniel Lieberman,3101
3101,Macmillan Adult's Books,3102
3102,Dr Louise Newson,3103
3103,Rosamund Hodge,3104
3104,Thomas Hanna,3105
3105,Peter Swanson,3106
3106,Karen Homer,3107
3107,Natasha Ngan,3108
3108,Tui T. Sutherland,3109
3109,Negi Haruba,3110
3110,Kaori Ozaki,3111
3111,Lindsay Ellis,3112
3112,Sue Gerhardt,3113
3113,Simon Scarrow,3114
3114,Gabe Brown,3115
3115,Jill Tomlinson,3116
3116,Patricia Cornwell,3117
3117,Roz Purcell,3118
3118,Hannah Whitten,3119
3119,Paul Torday,3120
3120,Thucydides,3121
3121,Mantak Chia,3122
3122,Sönke Ahrens,3123
3123,Seligman Martin,3124
3124,R. H. Charles,3125
3125,Rosamunde Pilcher,3126
3126,Anne Sebba,3127
3127,Mona Brookes,3128
3128,Uta Hagen,3129
3129,Patricia Gibney,3130
3130,Piet Oudolf,3131
3131,Robert S. Morse,3132
3132,Alistair MacLeod,3133
3133,Erich Neumann,3134
3134,Evy Poumpouras,3135
3135,Rosemary Sassoon,3136
3136,Mary McCarthy,3137
3137,Joe Hill,3138
3138,Jin Yong,3139
3139,Kevin Barry,3140
3140,Felicity Brooks,3141
3141,Adult Coloring Book Artists,3142
3142,Robert Bringhurst,3143
3143,Simon Tofield,3144
3144,Michelle A. Motuzas,3145
3145,Dylan Wiliam,3146
3146,Ogeretsu Tanaka,3147
3147,Huw Richards,3148
3148,Camilla Läckberg,3149
3149,Yuji Kaku,3150
3150,Carmen M. Reinhart,3151
3151,Mem Fox,3152
3152,Melissa Joulwan,3153
3153,Andrey Tarkovsky,3154
3154,Nalini Singh,3155
3155,Steven Levitsky,3156
3156,Lucy Hawking,3157
3157,Carol Rifka Brunt,3158
3158,Jeff Patton,3159
3159,Andrew Rea,3160
3160,Douglas,3161
3161,Bruce Lee,3162
3162,Juan Diaz Canales,3163
3163,Holly Bourne,3164
3164,Martin Sixsmith,3165
3165,Liz Dean,3166
3166,Sarah Peel,3167
3167,Steven Raichlen,3168
3168,Balli Kaur Jaswal,3169
3169,Matt Frazier,3170
3170,"Chew-Bose, Durga",3171
3171,Corey O'Brien,3172
3172,Diane Stein,3173
3173,Jamie Kern Lima,3174
3174,Gillian McKeith,3175
3175,Brandon Taylor,3176
3176,Aaron Blabey,3177
3177,John W. James,3178
3178,Carolyn Edwards,3179
3179,Dr Anjali Mahto,3180
3180,Ashley Audrain,3181
3181,Elizabeth Taylor,3182
3182,Michael E. Gaitley,3183
3183,Laura Clery,3184
3184,Janine M Benyus,3185
3185,Christina Henry,3186
3186,John M. Collins,3187
3187,Frank Bettger,3188
3188,JOHN GRISHAM,3189
3189,Claudia Gray,3190
3190,Gabor Maté,3191
3191,Michaeleen Doucleff,3192
3192,Dick Winters,3193
3193,Tobias Wolff,3194
3194,Random House,3195
3195,Virginia Andrews,3196
3196,Madeleine Thien,3197
3197,Adrienne N Hew Cn,3198
3198,Jane Mayer,3199
3199,Ramiel Nagel,3200
3200,Tess Sharpe,3201
3201,Cameron K Murray,3202
3202,Mark Dunn,3203
3203,Antonio Iturbe,3204
3204,The Oatmeal,3205
3205,Pierre Alex Jeanty,3206
3206,Marisa Peer,3207
3207,Stephen W. Porges,3208
3208,David McRaney,3209
3209,Ella Frances Sanders,3210
3210,GABRIEL GARCIA MARQUEZ,3211
3211,Wayne Dyer,3212
3212,Tom Stoppard,3213
3213,CHARLAINE HARRIS,3214
3214,Brian Froud,3215
3215,Alexander Loyd,3216
3216,Foster Provost,3217
3217,Matthew McConaughey,3218
3218,Axie Oh,3219
3219,Jeph Loeb,3220
3220,Michaela Angemeer,3221
3221,Vera Brittain,3222
3222,Tadashi Ono,3223
3223,Koushun Takami,3224
3224,Tove Ditlevsen,3225
3225,Dr. Libby Weaver,3226
3226,Timothy Conigrave,3227
3227,Dave Burgess,3228
3228,Yasunari Kawabata,3229
3229,Angela Ackerman,3230
3230,Gaston Leroux,3231
3231,Thomas Crump,3232
3232,Workman Publishing,3233
3233,Rick Kausman,3234
3234,Gabriel García Márquez,3235
3235,M D Brian L Weiss,3236
3236,Jocelyn K. Glei (Editor),3237
3237,Mary Kubica,3238
3238,Sinéad O'Connor,3239
3239,Chris Whitaker,3240
3240,Lynda Madaras,3241
3241,Amelia Freer,3242
3242,Brock L. Eide,3243
3243,Michael Lewrick,3244
3244,D. Pilkey,3245
3245,Edward R. Tufte,3246
3246,L. J. Smith,3247
3247,Kate Fox,3248
3248,Vanessa Kimbell,3249
3249,Mireille Guiliano,3250
3250,Bill Plotkin,3251
3251,William Boyd,3252
3252,Amir Tsarfati,3253
3253,Joanne Harris,3254
3254,Catherynne M. Valente,3255
3255,Drew Eric Whitman,3256
3256,Emma Carroll,3257
3257,HARLAN COBEN,3258
3258,Tami Lynn Kent,3259
3259,Joanne M Harris,3260
3260,Stephen M R Covey,3261
3261,Q Hayashida,3262
3262,Rem Koolhaas,3263
3263,Kevin Hearne,3264
3264,Greg Sheridan,3265
3265,Florence Scovel Shinn,3266
3266,Noel Streatfeild,3267
3267,Bobby Henderson,3268
3268,Mike McCormack,3269
3269,Ronald A. Heifetz,3270
3270,Nigel Benson,3271
3271,Nick Cutter,3272
3272,Buronson,3273
3273,Nikos Kazantzakis,3274
3274,Oliver James,3275
3275,Laura Purcell,3276
3276,Jonathan Sacks,3277
3277,Francis Manapul,3278
3278,Alain Gheerbrant,3279
3279,Dan Buettner,3280
3280,Estee Lalonde,3281
3281,J. D. Robb,3282
3282,Georges Bataille,3283
3283,Mervyn Peake,3284
3284,Peter Slater,3285
3285,Hetty McKinnon,3286
3286,Aneko Yusagi,3287
3287,Melina Marchetta,3288
3288,Angela J. Hanscom,3289
3289,Charles Brandt,3290
3290,W. G. Sebald,3291
3291,Victoria Jamieson,3292
3292,Maryanne Wolf,3293
3293,Chip Heath,3294
3294,Nanashi,3295
3295,Jessica Roux,3296
3296,Amanda Hocking,3297
3297,Dawn Michelle Baude,3298
3298,John F. Demartini,3299
3299,Lilly Singh,3300
3300,Hisham Matar,3301
3301,Anne Holm,3302
3302,Philip Kerr,3303
3303,Vladimir Lenin,3304
3304,Sandra Ingerman,3305
3305,Richard Smoley,3306
3306,Dave Mearns,3307
3307,Karen Marie Moning,3308
3308,Peter Zumthor,3309
3309,David Deutsch,3310
3310,David Emerson,3311
3311,Jane Bingham,3312
3312,Felix Scheinberger,3313
3313,Walter Lewin,3314
3314,Michelle Zauner,3315
3315,Takaya Kagami,3316
3316,Lawrence Wright,3317
3317,Charlotte Cho,3318
3318,Roger Zelazny,3319
3319,Elizabeth Blackburn,3320
3320,Professor Brian Cox,3321
3321,Alana Langan,3322
3322,Dai Sijie,3323
3323,Kenny Werner,3324
3324,Andreas Moritz,3325
3325,Kip Thorne,3326
3326,Patrick Suskind,3327
3327,Alex Korb,3328
3328,James K. A. Smith,3329
3329,Robert Sutton,3330
3330,Anna Funder,3331
3331,Svetlana Chmakova,3332
3332,Mark Lutz,3333
3333,E K Johnston,3334
3334,Jason Fulford,3335
3335,Manuel J. Smith,3336
3336,Franz Bardon,3337
3337,Sarah J Maas,3338
3338,Taffy Brodesser-Akner,3339
3339,Mark Woods,3340
3340,Benny Lewis,3341
3341,Mark Miodownik,3342
3342,Liz Wiseman,3343
3343,Tim Spector,3344
3344,Adrian Goldsworthy,3345
3345,Claire Legrand,3346
3346,Lloyd Jones,3347
3347,James Wood,3348
3348,Daniel Howell,3349
3349,Sophia Godkin,3350
3350,Lev Grossman,3351
3351,Siobhan Miller,3352
3352,Jack Donovan,3353
3353,Victoria Finlay,3354
3354,Elizabeth Pantley,3355
3355,Sara Shepard,3356
3356,James R. Doty,3357
3357,Bryan O'Malley,3358
3358,Nancy Duarte,3359
3359,Michael W Covel,3360
3360,Pauline Reage,3361
3361,Sibella Court,3362
3362,Jesse L Hurlbut,3363
3363,Tom Wolfe,3364
3364,Jane Roberts,3365
3365,Tetsuko Kuroyanagi,3366
3366,Margaret Frith,3367
3367,Regena Thomashauer,3368
3368,Judith Hanson Lasater,3369
3369,M. W. Craven,3370
3370,Anita Brookner,3371
3371,Dawn Sokol,3372
3372,Emma Mitchell,3373
3373,Elisabeth Kubler-Ross,3374
3374,Shaun David Hutchinson,3375
3375,Kathryn Purdie,3376
3376,Dr Harry Barry,3377
3377,Ann Abramson,3378
3378,John Berendt,3379
3379,Laura Esquivel,3380
3380,Susan Weinschenk,3381
3381,Kimberly Espinel,3382
3382,Pedro Domingos,3383
3383,Eileen Day McKusick,3384
3384,Elizabeth Jane Howard,3385
3385,Marshall B. Rosenberg,3386
3386,Linda Larsen,3387
3387,Lize Meddings,3388
3388,Monocle,3389
3389,Gabrielle Zevin,3390
3390,Marie Tourell Soderberg,3391
3391,Peter M. Senge,3392
3392,Tiddy Rowan,3393
3393,Adrienne Maree Brown,3394
3394,Rachel Williams,3395
3395,Sonja Lyubomirsky,3396
3396,Emily Carroll,3397
3397,William Martin,3398
3398,Geoffrey Hindley,3399
3399,Erik von Markovik,3400
3400,Dr Naomi Wolf,3401
3401,Eugen Herrigel,3402
3402,Kiyosi Seike,3403
3403,Kris Carr,3404
3404,Edward Rutherfurd,3405
3405,Lynne McTaggart,3406
3406,Scott Meyers,3407
3407,Gavin Pretor-Pinney,3408
3408,George Soros,3409
3409,Irin Carmon,3410
3410,Steve Mann,3411
3411,Ash Maurya,3412
3412,Dave Grossman,3413
3413,Philip Yancey,3414
3414,Morgan Rhodes,3415
3415,Stephen Rogers Peck,3416
3416,James Franco,3417
3417,Jeff Booth,3418
3418,Okina Baba,3419
3419,Juliet Diaz,3420
3420,Jason Fried,3421
3421,Veronica Peerless,3422
3422,Charles Belfoure,3423
3423,Stephen Graham Jones,3424
3424,Marguerite Duras,3425
3425,Paul Carter,3426
3426,Emily X.R. Pan,3427
3427,Etaf Rum,3428
3428,Kobo Abe,3429
3429,Matthew Wizards RPG Team,3430
3430,Sarah Haywood,3431
3431,Joseph Sheridan Le Fanu,3432
3432,Bronnie Ware,3433
3433,Pie Corbett,3434
3434,Arthur Koestler,3435
3435,Sue Stuart-Smith,3436
3436,Penelope Fitzgerald,3437
3437,Kentaro Takekuma,3438
3438,Robert Tressell,3439
3439,Maureen Garth,3440
3440,Marcus Luttrell,3441
3441,Rod Dreher,3442
3442,Adharanand Finn,3443
3443,Natsume Soseki,3444
3444,A.G. Mohan,3445
3445,Isuna Haskura,3446
3446,Jim Wilson,3447
3447,Timothy Clark,3448
3448,Yoshi Yoshitani,3449
3449,Jessica Fern,3450
3450,Olivia Newton-John,3451
3451,Leslie Knope,3452
3452,Hayao Miyazaki,3453
3453,Professor John C Lennox,3454
3454,Graham Coleman,3455
3455,Frida Ramstedt,3456
3456,Raymond E Feist,3457
3457,Elena Danaan,3458
3458,David Kushner,3459
3459,Mary H. K. Choi,3460
3460,June & Lucy,3461
3461,G. K. Chesterton,3462
3462,Martin Amis,3463
3463,Chloe Benjamin,3464
3464,Gregor Maehle,3465
3465,Louis De Bernieres,3466
3466,Barbara Pym,3467
3467,P.G. Wodehouse,3468
3468,Trudy Scott,3469
3469,Kakuzo Okakura,3470
3470,Marc Brackett,3471
3471,Kishore Mahbubani,3472
3472,Anna Sewell,3473
3473,Heinrich Harrer,3474
3474,John Marrs,3475
3475,Dr Amanda Brown,3476
3476,Harry Barry,3477
3477,Dashiell Hammett,3478
3478,Gena Showalter,3479
3479,Peter Matthiessen,3480
3480,Jasmine Warga,3481
3481,Natasha Lunn,3482
3482,Syundei,3483
3483,Martin Olsen Lany,3484
3484,Beccy Hands,3485
3485,Nouman Ali Khan,3486
3486,Armistead Maupin,3487
3487,Janet Balaskas,3488
3488,Mark Lanegan,3489
3489,Julie Pallant,3490
3490,Tyson Fury,3491
3491,Ronan Hession,3492
3492,Cynthia Lord,3493
3493,James Daley,3494
3494,Guinness World Records,3495
3495,Lajos Egri,3496
3496,Elizabeth David,3497
3497,Robert Karen,3498
3498,Nick Lane,3499
3499,Nick Ortner,3500
3500,Brian C. Muraresku,3501
3501,Kresley Cole,3502
3502,Owen Jones,3503
3503,Karen Fischer,3504
3504,Gary Thomas,3505
3505,Dave Cullen,3506
3506,Patrick Holford,3507
3507,Daniel Davey,3508
3508,Gerald G. Jampolsky,3509
3509,Ann M. Martin,3510
3510,Dan Olsen,3511
3511,Rumi,3512
3512,Christopher R. Browning,3513
3513,Eden Cooke,3514
3514,Elizabeth Kostova,3515
3515,Brad Gilbert,3516
3516,Jeff Lemire,3517
3517,Sebastian Faulks,3518
3518,Scotty Morrison,3519
3519,Duncan Levy,3520
3520,Clive Cussler,3521
3521,Michael Braungart,3522
3522,Thomas Cathcart,3523
3523,Dot Hutchison,3524
3524,Elena Brower,3525
3525,Mo Gawdat,3526
3526,Hope Jahren,3527
3527,Biju Thomas,3528
